gx,gy,gz,acx,acy,acz,time,,,,
1.28,-0.61,-0.31,0.57,-0.67,0.45,28/3/2022 9:17,,,,
-0.31,-1.77,-0.61,0.56,-0.67,0.44,28/3/2022 9:17,,,,
1.4,2.32,-0.85,0.58,-0.68,0.44,28/3/2022 9:17,,,,
0.43,2.32,-4.15,0.57,-0.68,0.43,28/3/2022 9:17,,,,
2.08,2.01,-5.13,0.61,-0.67,0.46,28/3/2022 9:17,,,,
4.76,-4.21,2.26,0.58,-0.61,0.45,28/3/2022 9:17,,,,
14.1,-12.27,14.4,0.61,-0.66,0.44,28/3/2022 9:17,,,,
16.66,-21.12,8.12,0.54,-0.67,0.39,28/3/2022 9:17,,,,
26.61,-30.52,19.04,0.39,-0.81,0.41,28/3/2022 9:17,,,,
-1.04,77.88,-13.67,0.49,-0.76,0.44,28/3/2022 9:17,,,,
-15.62,43.58,-18.07,0.47,-0.62,0.45,28/3/2022 9:17,,,,
-1.1,29.48,1.16,0.6,-0.73,0.46,28/3/2022 9:17,,,,
-2.75,19.9,-4.33,0.68,-0.91,0.36,28/3/2022 9:17,,,,
-18.13,-17.03,0.49,0.49,-0.7,0.29,28/3/2022 9:17,,,,
-15.14,-5.37,-2.01,0.87,-0.57,0.27,28/3/2022 9:17,,,,
24.48,-55.18,24.05,0.59,-0.47,0.18,28/3/2022 9:17,,,,
54.2,0.12,14.53,0.53,-0.61,0.35,28/3/2022 9:17,,,,
24.11,30.64,-17.58,0.44,-1.04,0.74,28/3/2022 9:17,,,,
-23.25,-33.94,-17.7,1.04,-0.99,0.42,28/3/2022 9:17,,,,
-59.02,-39.67,16.3,0.28,-0.51,0.03,28/3/2022 9:17,,,,
-19.53,0.31,-10.99,0.5,-0.7,0.06,28/3/2022 9:17,,,,
57.74,111.39,9.7,0.08,-0.6,0.86,28/3/2022 9:17,,,,
-27.22,-114.75,26.61,0.72,-0.64,0.37,28/3/2022 9:17,,,,
23.19,-35.22,-9.89,0.78,-1.1,0.4,28/3/2022 9:17,,,,
-12.88,-44.68,24.6,0.24,-0.55,0.28,28/3/2022 9:17,,,,
-15.32,26.86,6.77,1.17,-0.52,0.26,28/3/2022 9:17,,,,
15.62,-88.2,15.01,0.56,-0.57,0.15,28/3/2022 9:17,,,,
70.43,16.97,14.04,0.27,-0.86,0.37,28/3/2022 9:17,,,,
-26.06,-97.9,-26.67,1.21,-0.95,0.28,28/3/2022 9:17,,,,
-23.19,-92.71,-0.37,0.35,-0.52,0.25,28/3/2022 9:17,,,,
-45.23,6.9,2.81,0.54,-0.71,0.13,28/3/2022 9:17,,,,
-6.47,138.12,-13.73,0.39,-0.55,0.2,28/3/2022 9:17,,,,
5.86,-36.62,52.37,1.4,-0.66,0.21,28/3/2022 9:17,,,,
27.95,-73.67,-13.06,0.74,-1.08,0.44,28/3/2022 9:17,,,,
-19.71,65.92,21.48,0.67,-0.59,0.33,28/3/2022 9:17,,,,
-13.18,-74.95,8.24,0.58,-0.46,0.15,28/3/2022 9:17,,,,
88.81,-64.58,17.09,0.45,-0.68,0.15,28/3/2022 9:17,,,,
-61.65,-74.46,5.37,0.32,-0.64,0.15,28/3/2022 9:17,,,,
83.01,86,2.26,0.35,-0.41,1.04,28/3/2022 9:17,,,,
-16.6,30.88,-1.22,0.68,-0.71,0.31,28/3/2022 9:17,,,,
-51.39,-209.35,-35.77,0.79,-1.08,0.35,28/3/2022 9:17,,,,
-25.02,-34.61,5.19,0.49,-0.52,0.15,28/3/2022 9:17,,,,
4.76,-40.1,-0.12,0.61,-1.05,0.32,28/3/2022 9:17,,,,
-2.26,-30.09,4.58,0.42,-0.55,0.21,28/3/2022 9:17,,,,
55.3,44.37,-2.99,0.58,-0.74,0.44,28/3/2022 9:17,,,,
-50.05,-36.44,-37.78,0.98,-1.05,0.55,28/3/2022 9:17,,,,
-43.21,1.34,7.81,0.42,-0.62,0.05,28/3/2022 9:17,,,,
-10.07,-120.36,45.23,0.62,-0.48,0.4,28/3/2022 9:17,,,,
3.85,-77.09,16.66,0.33,-0.76,0.36,28/3/2022 9:17,,,,
-20.57,15.38,-11.66,0.88,-0.68,0.24,28/3/2022 9:17,,,,
21.12,-21.79,7.87,0.48,-0.58,0.21,28/3/2022 9:17,,,,
47,22.03,0.85,0.45,-0.69,0.43,28/3/2022 9:17,,,,
-25.02,-50.84,3.91,0.98,-1.06,0.23,28/3/2022 9:17,,,,
-48.1,-38.94,5.98,0.26,-0.57,0.07,28/3/2022 9:17,,,,
1.77,58.78,-27.34,0.49,-0.69,0.25,28/3/2022 9:17,,,,
15.14,47.42,-6.59,0.47,-0.6,1.44,28/3/2022 9:17,,,,
23.74,-49.93,22.71,0.49,-0.85,0.38,28/3/2022 9:17,,,,
10.5,-93.93,8.06,0.69,-0.88,0.29,28/3/2022 9:17,,,,
-9.16,15.5,14.1,0.5,-0.66,0.3,28/3/2022 9:17,,,,
-1.89,-27.34,5.37,0.43,-0.56,0.18,28/3/2022 9:17,,,,
58.65,25.02,5.37,0.53,-0.63,0.34,28/3/2022 9:17,,,,
-40.04,-55.79,5.07,0.39,-0.51,0.11,28/3/2022 9:17,,,,
-20.08,0,-4.82,0.55,-0.73,0.12,28/3/2022 9:17,,,,
27.65,82.82,-3.48,0.54,-0.73,0.4,28/3/2022 9:17,,,,
-24.9,3.3,17.33,0.9,-0.57,0.5,28/3/2022 9:17,,,,
34.79,11.9,28.02,0.67,-0.97,0.38,28/3/2022 9:17,,,,
-15.62,-32.47,14.71,0.28,-0.63,0.33,28/3/2022 9:17,,,,
-4.09,-54.5,-13.73,0.67,-0.66,0.2,28/3/2022 9:17,,,,
40.53,23.5,9.34,0.5,-0.6,0.29,28/3/2022 9:17,,,,
1.83,200.87,-18.37,0.59,-0.9,1.05,28/3/2022 9:17,,,,
-11.72,-119.63,4.7,1.05,-0.92,0.26,28/3/2022 9:17,,,,
-46.81,-71.17,9.28,0.33,-0.65,0.02,28/3/2022 9:17,,,,
-2.69,58.41,-27.53,0.19,-0.75,0.21,28/3/2022 9:17,,,,
44.13,94.06,4.09,0.68,-0.57,0.54,28/3/2022 9:17,,,,
0.73,-159.61,41.69,0.64,-0.61,0.43,28/3/2022 9:17,,,,
10.31,0.98,5,0.95,-0.62,0.23,28/3/2022 9:17,,,,
54.75,32.9,18.68,0.45,-0.64,0.3,28/3/2022 9:17,,,,
-18.8,-4.64,-18.8,0.7,-0.82,0.65,28/3/2022 9:17,,,,
-18.43,-73.55,0.49,0.67,-0.78,0.29,28/3/2022 9:17,,,,
-16.91,-30.27,12.39,0.66,-0.78,0.08,28/3/2022 9:17,,,,
43.09,-52.8,36.01,0.58,-0.77,0.4,28/3/2022 9:17,,,,
30.52,-62.13,46.88,0.68,-0.78,0.37,28/3/2022 9:17,,,,
24.11,-28.93,40.41,0.56,-0.54,0.24,28/3/2022 9:17,,,,
61.89,-40.04,28.44,1,-0.61,0.19,28/3/2022 9:17,,,,
42.54,-13.92,23.19,0.59,-0.64,0.31,28/3/2022 9:17,,,,
60.97,-48.16,6.16,0.77,-0.64,0.51,28/3/2022 9:17,,,,
21.79,-77.64,-1.53,0.66,-0.83,0.45,28/3/2022 9:17,,,,
-2.87,-33.63,5.74,0.71,-0.77,0.14,28/3/2022 9:17,,,,
41.5,54.69,25.51,0.45,-0.7,0.26,28/3/2022 9:17,,,,
49.62,114.69,19.47,1.1,-0.73,0.77,28/3/2022 9:17,,,,
44.13,-118.65,24.54,0.48,-0.7,0.23,28/3/2022 9:17,,,,
24.6,1.1,18.74,0.68,-0.83,0.39,28/3/2022 9:17,,,,
16.97,-30.76,27.16,0.74,-0.72,0.26,28/3/2022 9:17,,,,
15.69,-17.52,38.64,0.5,-0.47,0.28,28/3/2022 9:17,,,,
51.15,-47.49,7.57,1.14,-0.58,0.11,28/3/2022 9:17,,,,
48.46,-42.42,25.51,0.53,-0.56,0.24,28/3/2022 9:17,,,,
63.35,-40.41,2.75,0.7,-0.62,0.34,28/3/2022 9:17,,,,
36.19,-19.53,-18.55,0.74,-0.83,0.59,28/3/2022 9:17,,,,
1.53,-61.77,-14.47,0.82,-0.89,0.29,28/3/2022 9:17,,,,
-34.3,-60.85,6.77,0.41,-0.6,0,28/3/2022 9:17,,,,
12.94,-26.43,-21.3,0.29,-0.77,0.19,28/3/2022 9:17,,,,
65.55,15.2,12.08,0.59,-0.68,0.4,28/3/2022 9:17,,,,
-5.13,-91.98,21.12,0.3,-0.55,0.47,28/3/2022 9:17,,,,
25.27,28.02,19.59,0.85,-1,0.44,28/3/2022 9:17,,,,
5.86,-108.34,12.21,0.1,-0.78,0.28,28/3/2022 9:17,,,,
-0.61,18.31,10.99,0.87,-0.64,0.23,28/3/2022 9:17,,,,
24.23,-51.39,21,0.44,-0.54,0.16,28/3/2022 9:17,,,,
30.15,33.2,-3.23,0.52,-0.84,0.43,28/3/2022 9:17,,,,
-65.86,-18.74,-15.2,1.19,-1.03,0.37,28/3/2022 9:17,,,,
-63.42,-41.99,3.05,0.15,-0.61,0.08,28/3/2022 9:17,,,,
-45.35,18.01,-86.61,-0.01,-0.82,0.21,28/3/2022 9:17,,,,
15.08,110.96,-117,0.1,-0.82,0.36,28/3/2022 9:17,,,,
40.95,58.29,-188.9,0.33,-1.15,0.4,28/3/2022 9:17,,,,
26.98,38.27,-147.09,0.16,-1.45,0.58,28/3/2022 9:17,,,,
3.66,103.64,9.46,0.33,-0.61,0.29,28/3/2022 9:17,,,,
-16.05,-98.82,80.44,0.29,-1.12,0.37,28/3/2022 9:17,,,,
-31.62,17.76,129.15,0.03,-0.95,0.32,28/3/2022 9:17,,,,
-28.99,16.72,102.54,0.18,-1.01,0.31,28/3/2022 9:17,,,,
5.92,-42.79,39.06,0,-1.08,0.38,28/3/2022 9:17,,,,
36.44,-61.89,-25.57,0.07,-0.64,0.29,28/3/2022 9:17,,,,
41.02,-36.19,-57.86,0.04,-1.07,0.34,28/3/2022 9:17,,,,
21.55,90.45,-66.53,0.1,-0.84,0.28,28/3/2022 9:17,,,,
37.05,64.82,-41.75,0.23,-0.91,0.41,28/3/2022 9:17,,,,
28.87,-58.9,-37.41,0.33,-1.39,0.66,28/3/2022 9:17,,,,
-47.3,5.43,43.09,0,-0.72,0.34,28/3/2022 9:17,,,,
-65.25,-7.45,50.6,0.32,-1.14,0.34,28/3/2022 9:17,,,,
-61.34,-22.71,40.53,0.01,-0.83,0.18,28/3/2022 9:17,,,,
-22.28,86.73,47.3,0.14,-0.93,0.18,28/3/2022 9:17,,,,
45.35,-14.4,-20.81,0.27,-1.06,0.3,28/3/2022 9:17,,,,
71.96,-169.62,-41.2,0.05,-0.64,0.52,28/3/2022 9:17,,,,
24.11,27.16,-33.81,-0.26,-1.12,0.45,28/3/2022 9:17,,,,
-18.8,159.12,-30.88,0.18,-0.75,0.24,28/3/2022 9:17,,,,
17.4,5.55,-23.56,0.2,-0.75,0.35,28/3/2022 9:17,,,,
32.71,-117.49,-30.03,0.34,-1.47,0.65,28/3/2022 9:17,,,,
-45.59,-24.54,40.89,-0.11,-0.73,0.35,28/3/2022 9:17,,,,
-69.09,59.75,66.28,0.28,-1.17,0.37,28/3/2022 9:17,,,,
-62.19,17.76,46.2,0.07,-0.86,0.19,28/3/2022 9:17,,,,
-1.77,32.9,48.4,0.17,-0.77,0.23,28/3/2022 9:17,,,,
59.75,-48.58,-42.11,0.22,-0.93,0.27,28/3/2022 9:17,,,,
90.52,-154.72,-77.51,0.13,-1.1,0.57,28/3/2022 9:17,,,,
26.06,-10.01,0.92,-0.16,-1.03,0.28,28/3/2022 9:17,,,,
-29.85,185.85,-13.92,0.14,-0.83,0.32,28/3/2022 9:17,,,,
-7.08,63.05,-3.42,0.3,-0.77,0.33,28/3/2022 9:17,,,,
25.57,-53.1,-9.58,0.21,-0.98,0.43,28/3/2022 9:17,,,,
-10.86,-67.75,-26.79,0.06,-1.07,0.48,28/3/2022 9:17,,,,
-34.97,14.4,61.77,0.1,-0.99,0.32,28/3/2022 9:17,,,,
-53.22,-30.82,21.97,0.12,-0.84,0.24,28/3/2022 9:17,,,,
-31.92,46.2,31.92,0.11,-0.82,0.2,28/3/2022 9:17,,,,
19.96,35.58,20.26,0.19,-0.98,0.29,28/3/2022 9:17,,,,
69.58,-93.51,-37.9,0.17,-1.18,0.53,28/3/2022 9:17,,,,
28.81,-34.24,-21.48,-0.12,-0.69,0.31,28/3/2022 9:17,,,,
-17.27,87.77,-28.2,0.12,-1.04,0.44,28/3/2022 9:17,,,,
-16.66,123.29,0.31,0.15,-0.74,0.24,28/3/2022 9:17,,,,
28.5,20.14,-19.17,0.24,-0.73,0.37,28/3/2022 9:17,,,,
35.83,-138.06,-46.39,0.2,-1.56,0.67,28/3/2022 9:17,,,,
-43.33,29.6,38.57,-0.11,-0.63,0.29,28/3/2022 9:17,,,,
-58.78,61.4,37.48,0.37,-1.06,0.35,28/3/2022 9:17,,,,
-47.06,-31.43,17.4,0.06,-0.81,0.19,28/3/2022 9:17,,,,
2.56,23.01,28.81,0.17,-0.84,0.26,28/3/2022 9:17,,,,
39,-49.8,-7.08,0.19,-1,0.39,28/3/2022 9:17,,,,
43.4,-49.56,-12.51,-0.03,-0.9,0.6,28/3/2022 9:17,,,,
0.67,26.55,8.73,0.01,-0.93,0.27,28/3/2022 9:17,,,,
-22.4,133.79,-49.56,0.16,-0.76,0.3,28/3/2022 9:17,,,,
22.58,43.27,-40.77,0.31,-0.86,0.36,28/3/2022 9:17,,,,
39.06,-85.08,-29.24,0.16,-1.04,0.49,28/3/2022 9:17,,,,
-9.64,-28.38,-2.32,0.02,-1.07,0.52,28/3/2022 9:17,,,,
-37.48,16.48,74.16,0.16,-0.9,0.32,28/3/2022 9:17,,,,
-51.82,-79.71,15.99,0.14,-0.95,0.26,28/3/2022 9:17,,,,
-36.74,7.08,27.95,0.08,-0.82,0.19,28/3/2022 9:17,,,,
5.68,41.38,34.06,0.14,-0.93,0.21,28/3/2022 9:17,,,,
73.61,-89.84,-23.5,0.15,-1.15,0.58,28/3/2022 9:17,,,,
14.53,13.67,-11.35,-0.29,-1,0.44,28/3/2022 9:17,,,,
-45.47,122.13,-26.12,0.14,-0.84,0.35,28/3/2022 9:17,,,,
14.1,7.2,-7.14,0.18,-0.75,0.32,28/3/2022 9:17,,,,
56.15,-47.49,-31.56,0.27,-1.41,0.54,28/3/2022 9:17,,,,
-3.85,-29.54,7.2,-0.13,-0.72,0.41,28/3/2022 9:17,,,,
-49.99,-7.14,8.54,0.26,-1.04,0.37,28/3/2022 9:17,,,,
-31.98,92.1,29.11,0.09,-0.81,0.19,28/3/2022 9:17,,,,
37.41,-2.32,-7.75,0.29,-0.98,0.36,28/3/2022 9:17,,,,
58.23,-161.62,-41.87,-0.03,-1.26,0.62,28/3/2022 9:17,,,,
-28.81,95.34,-29.05,0.15,-1.12,0.39,28/3/2022 9:17,,,,
-21.48,129.7,-12.63,0.17,-0.68,0.2,28/3/2022 9:17,,,,
31.68,-17.03,-3.05,0.21,-0.84,0.35,28/3/2022 9:17,,,,
47.85,-65.19,-17.52,0.17,-1.12,0.55,28/3/2022 9:17,,,,
-6.84,-36.56,-4.21,0.04,-0.89,0.5,28/3/2022 9:17,,,,
-44.01,0.37,42.79,0.1,-1.01,0.35,28/3/2022 9:17,,,,
-59.69,18.19,22.64,0.09,-0.85,0.22,28/3/2022 9:17,,,,
-6.23,32.78,46.63,0.18,-0.78,0.17,28/3/2022 9:17,,,,
45.17,-35.03,-27.77,0.2,-0.96,0.31,28/3/2022 9:17,,,,
61.95,-135.44,-23.13,0.03,-1.18,0.69,28/3/2022 9:17,,,,
1.4,-21.91,14.77,-0.09,-0.78,0.36,28/3/2022 9:17,,,,
-43.7,55.54,-22.28,0.04,-0.96,0.41,28/3/2022 9:17,,,,
-1.53,80.75,18.13,0.22,-0.78,0.26,28/3/2022 9:17,,,,
43.15,-65.8,-7.57,0.18,-0.77,0.38,28/3/2022 9:17,,,,
35.46,-101.5,-17.76,0.06,-1.39,0.61,28/3/2022 9:17,,,,
-18.43,16.36,29.11,0,-0.75,0.37,28/3/2022 9:17,,,,
-31.07,-17.15,9.95,0.35,-1.12,0.37,28/3/2022 9:17,,,,
-50.54,-68.54,-5.13,0.02,-0.89,0.2,28/3/2022 9:17,,,,
-12.7,75.44,51.09,0.12,-0.83,0.2,28/3/2022 9:17,,,,
37.48,-38.27,17.52,0.26,-0.86,0.26,28/3/2022 9:17,,,,
78.92,-135.56,2.14,0.16,-1.14,0.53,28/3/2022 9:17,,,,
37.48,-99.79,29.79,-0.14,-0.75,0.6,28/3/2022 9:17,,,,
-41.63,23.25,-23.86,0.05,-0.99,0.44,28/3/2022 9:17,,,,
-70.56,96.62,-22.09,0.06,-0.98,0.3,28/3/2022 9:17,,,,
-7.81,54.87,38.82,0.25,-0.73,0.15,28/3/2022 9:17,,,,
52,-73.43,-13.79,0.26,-0.8,0.23,28/3/2022 9:17,,,,
58.72,-177.73,27.4,0.05,-1.18,0.49,28/3/2022 9:17,,,,
5.31,-34.91,54.99,0.06,-0.9,0.48,28/3/2022 9:17,,,,
-17.03,-84.78,0.55,0.2,-0.9,0.34,28/3/2022 9:17,,,,
-39.12,-115.3,-58.04,0.27,-1.17,0.3,28/3/2022 9:17,,,,
-45.59,32.59,35.58,0.04,-0.89,0.16,28/3/2022 9:17,,,,
4.39,90.39,67.93,0.34,-0.9,0.13,28/3/2022 9:17,,,,
52.67,-116.94,40.83,0.33,-0.99,0.18,28/3/2022 9:17,,,,
46.88,-245.18,134.28,0.07,-1.33,0.46,28/3/2022 9:17,,,,
-39.25,-50.17,90.76,-0.09,-0.68,0.36,28/3/2022 9:17,,,,
-7.81,-4.52,-32.53,0.13,-1.01,0.36,28/3/2022 9:17,,,,
18.62,-35.28,-20.87,0.03,-0.76,0.26,28/3/2022 9:17,,,,
53.96,24.84,-46.26,0.14,-0.87,0.39,28/3/2022 9:17,,,,
59.33,-80.02,-34.36,0.09,-0.92,0.55,28/3/2022 9:17,,,,
27.04,6.9,2.32,-0.02,-1.11,0.54,28/3/2022 9:17,,,,
-17.58,35.28,-6.59,0.18,-1.02,0.48,28/3/2022 9:17,,,,
-35.95,-5.31,51.27,0.1,-0.86,0.33,28/3/2022 9:17,,,,
-32.35,-83.98,18.13,0.17,-1.03,0.31,28/3/2022 9:17,,,,
-38.57,3.6,35.52,-0.07,-0.84,0.25,28/3/2022 9:17,,,,
5.74,66.53,34.12,0.24,-0.88,0.35,28/3/2022 9:17,,,,
51.45,-96.01,-40.65,0.08,-1.03,0.46,28/3/2022 9:17,,,,
52.8,-41.56,-31.98,-0.01,-0.6,0.51,28/3/2022 9:17,,,,
-2.93,24.17,-31.37,-0.01,-1.17,0.44,28/3/2022 9:17,,,,
-24.66,139.4,17.76,0.11,-0.75,0.26,28/3/2022 9:17,,,,
10.74,38.82,24.29,0.21,-0.77,0.37,28/3/2022 9:17,,,,
41.93,-94.12,-23.5,0.14,-1.31,0.6,28/3/2022 9:17,,,,
-28.5,6.23,8.79,0.01,-0.77,0.37,28/3/2022 9:17,,,,
-54.2,21.73,14.65,0.24,-1.13,0.35,28/3/2022 9:17,,,,
-52.67,24.23,24.29,0.05,-0.8,0.2,28/3/2022 9:17,,,,
-1.65,52.67,51.21,0.17,-0.78,0.23,28/3/2022 9:17,,,,
41.63,-39.67,-21.79,0.18,-0.91,0.35,28/3/2022 9:17,,,,
67.38,-120.85,-38.51,0,-1.32,0.66,28/3/2022 9:17,,,,
10.19,-13.49,5.49,-0.07,-0.72,0.29,28/3/2022 9:17,,,,
-26.43,66.41,-32.71,0.04,-0.99,0.4,28/3/2022 9:17,,,,
-5.37,125.98,-11.54,0.19,-0.75,0.27,28/3/2022 9:17,,,,
36.38,-67.44,-19.78,0.17,-0.8,0.42,28/3/2022 9:17,,,,
25.15,-44.07,-13.79,0.08,-1.42,0.64,28/3/2022 9:17,,,,
-39.31,4.33,52.98,0,-0.74,0.36,28/3/2022 9:17,,,,
-37.84,-3.66,49.38,0.3,-1.06,0.36,28/3/2022 9:17,,,,
-39.12,-76.42,15.75,0.01,-0.84,0.23,28/3/2022 9:17,,,,
-19.65,56.88,39.37,0.06,-0.81,0.26,28/3/2022 9:17,,,,
27.89,12.39,-0.49,0.19,-0.94,0.43,28/3/2022 9:17,,,,
66.04,-110.84,-31.92,-0.04,-1.13,0.61,28/3/2022 9:17,,,,
20.45,-6.77,-18.8,-0.03,-0.82,0.25,28/3/2022 9:17,,,,
-22.52,106.14,-45.65,0,-0.91,0.33,28/3/2022 9:17,,,,
6.65,144.35,-0.98,0.29,-0.8,0.32,28/3/2022 9:17,,,,
43.58,-59.27,-22.16,0.16,-0.9,0.52,28/3/2022 9:17,,,,
2.56,-35.77,-19.04,-0.04,-1.11,0.55,28/3/2022 9:17,,,,
-46.02,56.21,45.1,0.14,-0.84,0.3,28/3/2022 9:17,,,,
-54.38,-16.05,-11.84,0.16,-0.96,0.27,28/3/2022 9:17,,,,
-5.37,60.67,39.43,0.14,-0.86,0.25,28/3/2022 9:17,,,,
38.02,-51.15,-7.45,0.19,-0.96,0.37,28/3/2022 9:17,,,,
-9.46,12.94,-5.92,-0.08,-0.9,0.26,28/3/2022 9:17,,,,
-31.68,175.48,-37.78,0.13,-0.72,0.23,28/3/2022 9:17,,,,
34.42,-35.83,-38.7,0.34,-0.83,0.39,28/3/2022 9:17,,,,
16.97,-21.42,-1.1,0,-1.34,0.56,28/3/2022 9:17,,,,
-28.63,-7.75,70.86,0.16,-0.9,0.32,28/3/2022 9:17,,,,
-40.77,-86.49,1.4,0.15,-0.97,0.28,28/3/2022 9:17,,,,
-28.56,42.36,34.85,0.06,-0.84,0.18,28/3/2022 9:17,,,,
24.05,14.71,1.28,0.22,-0.96,0.29,28/3/2022 9:17,,,,
23.68,-83.5,0,-0.1,-0.82,0.33,28/3/2022 9:17,,,,
-30.52,116.21,-20.63,0.03,-0.81,0.34,28/3/2022 9:17,,,,
2.75,62.19,-7.51,0.25,-0.78,0.32,28/3/2022 9:17,,,,
40.22,-59.63,-33.45,0.2,-0.92,0.48,28/3/2022 9:17,,,,
10.8,-58.72,-19.96,-0.04,-1.23,0.58,28/3/2022 9:17,,,,
-40.16,12.51,56.15,0.19,-0.99,0.34,28/3/2022 9:17,,,,
-47.55,-28.99,14.1,0.04,-0.81,0.2,28/3/2022 9:17,,,,
-7.39,66.47,47.91,0.12,-0.97,0.22,28/3/2022 9:17,,,,
67.87,-68.3,-43.03,0.12,-1.23,0.56,28/3/2022 9:17,,,,
23.25,-37.6,-28.2,-0.16,-0.69,0.33,28/3/2022 9:17,,,,
-24.84,122.01,-54.14,0.09,-0.9,0.39,28/3/2022 9:17,,,,
-2.5,129.21,-26.73,0.25,-0.79,0.27,28/3/2022 9:17,,,,
48.77,-75.74,-14.71,0.23,-1.13,0.46,28/3/2022 9:17,,,,
-18.37,6.53,37.96,-0.01,-0.74,0.39,28/3/2022 9:17,,,,
-56.64,-0.18,46.51,0.2,-1.11,0.37,28/3/2022 9:17,,,,
-60.49,16.48,29.3,0.03,-0.83,0.19,28/3/2022 9:17,,,,
-6.04,51.45,4.21,0.19,-0.9,0.22,28/3/2022 9:17,,,,
54.08,-61.58,-68.85,0.2,-1.05,0.42,28/3/2022 9:17,,,,
59.69,-123.47,-63.48,-0.03,-0.68,0.58,28/3/2022 9:17,,,,
-23.68,45.84,0.67,-0.04,-0.99,0.43,28/3/2022 9:17,,,,
-21.12,147.83,28.44,0.2,-0.73,0.28,28/3/2022 9:17,,,,
29.05,-34.24,2.56,0.23,-0.79,0.4,28/3/2022 9:17,,,,
-12.08,10.38,24.23,0.06,-0.69,0.35,28/3/2022 9:17,,,,
-30.64,-83.74,-15.87,0.19,-1.01,0.31,28/3/2022 9:17,,,,
-11.41,114.81,49.44,0.12,-0.98,0.2,28/3/2022 9:17,,,,
41.44,-72.27,-6.23,0.25,-1.09,0.45,28/3/2022 9:17,,,,
23.07,-67.44,-15.75,-0.25,-0.59,0.55,28/3/2022 9:17,,,,
-23.68,71.72,-32.04,0.08,-1.06,0.43,28/3/2022 9:17,,,,
27.65,-10.62,-10.68,0.17,-0.76,0.33,28/3/2022 9:17,,,,
-1.59,-37.05,24.41,-0.07,-0.78,0.45,28/3/2022 9:17,,,,
-59.57,-12.08,8.24,0.08,-0.93,0.31,28/3/2022 9:17,,,,
-19.23,52.92,36.32,0.14,-0.82,0.26,28/3/2022 9:17,,,,
70.74,-103.33,-63.05,0.13,-1.34,0.54,28/3/2022 9:17,,,,
8.24,11.29,-4.21,-0.02,-1.02,0.34,28/3/2022 9:17,,,,
-28.2,131.04,-3.6,0.06,-0.81,0.34,28/3/2022 9:17,,,,
11.05,-8.67,16.85,0.13,-0.8,0.35,28/3/2022 9:17,,,,
33.39,-38.27,-9.34,0.13,-1.06,0.5,28/3/2022 9:17,,,,
-2.93,-27.83,-16.11,0,-0.98,0.48,28/3/2022 9:17,,,,
-28.99,-39.79,10.8,-0.01,-0.78,0.19,28/3/2022 9:17,,,,
3.17,73,40.89,0.19,-0.95,0.22,28/3/2022 9:17,,,,
62.56,-170.9,31.31,0.14,-1.16,0.77,28/3/2022 9:17,,,,
-40.1,26.61,-6.1,-0.01,-0.98,0.36,28/3/2022 9:17,,,,
-68.6,110.96,-10.31,-0.01,-0.96,0.36,28/3/2022 9:17,,,,
20.14,4.7,-13.12,0.22,-0.7,0.25,28/3/2022 9:17,,,,
72.69,-153.56,-74.04,0.26,-1.13,0.64,28/3/2022 9:17,,,,
8.79,-20.94,-2.2,-0.1,-0.89,0.56,28/3/2022 9:17,,,,
-42.05,14.28,39.12,0.25,-0.89,0.36,28/3/2022 9:17,,,,
-61.34,-22.83,33.39,0.08,-1.03,0.19,28/3/2022 9:17,,,,
78.12,-150.33,-0.49,0.31,-0.94,0.28,28/3/2022 9:17,,,,
-37.54,-9.03,-31.01,-0.03,-0.86,0.26,28/3/2022 9:17,,,,
34,3.78,1.77,0.34,-0.85,0.3,28/3/2022 9:17,,,,
30.76,-114.56,62.26,-0.04,-0.98,0.48,28/3/2022 9:17,,,,
-15.5,-64.76,33.26,0.07,-0.84,0.41,28/3/2022 9:17,,,,
-31.37,-23.99,0.06,0.11,-0.92,0.3,28/3/2022 9:17,,,,
-13.79,-40.53,-3.23,0.18,-0.99,0.24,28/3/2022 9:17,,,,
17.64,-16.78,19.29,0.18,-0.87,0.24,28/3/2022 9:17,,,,
49.44,-110.35,52.61,0.18,-0.98,0.31,28/3/2022 9:17,,,,
25.15,-102.91,69.58,0.03,-0.99,0.38,28/3/2022 9:17,,,,
-5.19,-38.33,38.15,0.05,-1,0.38,28/3/2022 9:17,,,,
-3.48,-1.53,-6.71,0.12,-0.88,0.37,28/3/2022 9:17,,,,
-13.85,12.15,-51.21,0.06,-0.94,0.32,28/3/2022 9:17,,,,
-5.68,81.85,-15.5,0.15,-0.95,0.27,28/3/2022 9:17,,,,
21.67,16.91,21.06,0.09,-0.9,0.43,28/3/2022 9:17,,,,
12.45,33.87,-3.05,-0.06,-0.79,0.52,28/3/2022 9:17,,,,
30.15,-22.16,-68.12,0.15,-0.94,0.52,28/3/2022 9:17,,,,
-0.55,5.19,-55.97,0.14,-1.27,0.53,28/3/2022 9:17,,,,
-37.05,10.8,57.92,0.13,-0.82,0.3,28/3/2022 9:17,,,,
-46.51,-49.62,57.68,0.1,-1.04,0.24,28/3/2022 9:17,,,,
-21.73,41.08,83.37,0.09,-0.8,0.22,28/3/2022 9:17,,,,
20.45,-11.17,45.04,0.17,-0.9,0.31,28/3/2022 9:17,,,,
65.25,-99.85,-52.8,0.12,-1.15,0.47,28/3/2022 9:17,,,,
25.7,-28.02,-40.41,-0.16,-0.61,0.38,28/3/2022 9:17,,,,
-24.41,77.03,-52.55,0.04,-1.03,0.42,28/3/2022 9:17,,,,
-12.45,150.51,-5.68,0.18,-0.71,0.25,28/3/2022 9:17,,,,
31.25,-55.18,-2.69,0.19,-0.71,0.41,28/3/2022 9:17,,,,
43.52,-68.97,-18.49,0.16,-1.41,0.66,28/3/2022 9:17,,,,
-22.58,-21.79,46.81,-0.07,-0.83,0.41,28/3/2022 9:17,,,,
-55.05,36.19,69.15,0.18,-1.1,0.38,28/3/2022 9:17,,,,
-55.18,7.69,28.93,0.05,-0.84,0.26,28/3/2022 9:17,,,,
-25.45,29.05,25.39,0.08,-0.86,0.27,28/3/2022 9:17,,,,
27.4,-5.8,-49.74,0.14,-0.96,0.35,28/3/2022 9:17,,,,
71.04,-52,-96.98,0.11,-0.85,0.57,28/3/2022 9:17,,,,
34.48,-38.15,-37.41,-0.11,-1.02,0.39,28/3/2022 9:17,,,,
-0.79,123.6,-9.83,0.18,-0.73,0.33,28/3/2022 9:17,,,,
27.59,-31.13,0,0.17,-0.75,0.41,28/3/2022 9:17,,,,
23.93,-66.16,11.96,0.11,-1.33,0.58,28/3/2022 9:17,,,,
-44.8,-21.36,62.44,-0.01,-0.93,0.43,28/3/2022 9:17,,,,
-63.35,10.01,92.59,0.13,-1.08,0.34,28/3/2022 9:17,,,,
-51.03,-30.94,31.25,0.03,-0.82,0.19,28/3/2022 9:17,,,,
-1.46,43.33,9.77,0.12,-0.84,0.25,28/3/2022 9:17,,,,
82.28,-82.58,-70.07,0.14,-1.13,0.44,28/3/2022 9:17,,,,
68.97,-67.14,-49.99,-0.09,-0.7,0.5,28/3/2022 9:17,,,,
13.61,45.1,-31.8,-0.01,-1.05,0.47,28/3/2022 9:17,,,,
-18.43,164.12,-20.32,0.14,-0.74,0.28,28/3/2022 9:17,,,,
22.09,2.38,13.31,0.24,-0.85,0.37,28/3/2022 9:17,,,,
43.88,-79.04,8.3,0.26,-1.41,0.61,28/3/2022 9:17,,,,
-30.27,-74.83,50.48,-0.09,-0.87,0.38,28/3/2022 9:17,,,,
-54.87,12.82,47.61,0.17,-1.03,0.35,28/3/2022 9:17,,,,
-60.67,-39.49,-17.46,0.11,-0.88,0.18,28/3/2022 9:17,,,,
-25.82,78.43,25.02,0.05,-0.88,0.15,28/3/2022 9:17,,,,
41.75,36.07,-1.1,0.33,-1.04,0.35,28/3/2022 9:17,,,,
80.93,-157.04,-50.42,0.03,-0.8,0.64,28/3/2022 9:17,,,,
-39.25,206.73,-10.62,0.15,-0.76,0.27,28/3/2022 9:17,,,,
22.52,-10.19,-26.79,0.22,-0.75,0.33,28/3/2022 9:17,,,,
54.81,-108.4,-41.38,0.25,-1.46,0.62,28/3/2022 9:17,,,,
-12.88,-45.1,21.48,-0.09,-0.79,0.41,28/3/2022 9:17,,,,
-51.33,17.52,57.31,0.22,-1.11,0.38,28/3/2022 9:17,,,,
-58.53,18.31,24.54,0.01,-0.82,0.18,28/3/2022 9:17,,,,
-22.46,71.84,42.6,0.13,-0.9,0.22,28/3/2022 9:17,,,,
36.68,-14.71,-20.39,0.16,-1.04,0.33,28/3/2022 9:17,,,,
74.04,-65.98,-76.42,0.09,-0.78,0.56,28/3/2022 9:17,,,,
18.98,-47.79,-35.4,-0.19,-1.05,0.41,28/3/2022 9:17,,,,
-22.64,176.82,-19.04,0.12,-0.83,0.32,28/3/2022 9:17,,,,
4.76,46.63,1.34,0.26,-0.79,0.33,28/3/2022 9:17,,,,
43.52,-70.92,-14.53,0.25,-1.27,0.52,28/3/2022 9:17,,,,
-6.71,-83.74,13.49,-0.06,-0.92,0.47,28/3/2022 9:17,,,,
-52.55,33.81,53.34,0.18,-1.08,0.37,28/3/2022 9:17,,,,
-61.65,-9.4,8.18,0.07,-0.85,0.19,28/3/2022 9:17,,,,
-23.32,46.63,38.33,0.11,-0.85,0.17,28/3/2022 9:17,,,,
33.08,-1.95,-4.03,0.24,-1.05,0.31,28/3/2022 9:17,,,,
68.18,-103.33,-49.44,0.01,-0.83,0.65,28/3/2022 9:17,,,,
2.01,18.01,-20.94,-0.06,-0.93,0.36,28/3/2022 9:17,,,,
-26.49,158.14,-42.79,0.09,-0.81,0.3,28/3/2022 9:17,,,,
15.44,53.22,-14.71,0.34,-0.84,0.35,28/3/2022 9:17,,,,
36.01,-85.08,-8.54,0.09,-1.12,0.48,28/3/2022 9:17,,,,
-6.47,-50.42,20.87,0.05,-0.77,0.43,28/3/2022 9:17,,,,
-49.19,-24.96,53.47,0.08,-1.12,0.38,28/3/2022 9:17,,,,
-66.96,26.12,20.45,0.05,-0.89,0.24,28/3/2022 9:17,,,,
-33.81,61.65,49.87,0.1,-0.85,0.19,28/3/2022 9:17,,,,
25.7,10.8,-8.36,0.22,-0.86,0.33,28/3/2022 9:17,,,,
79.71,-105.53,-81.6,0.04,-0.98,0.66,28/3/2022 9:17,,,,
18.62,-12.08,-26.43,-0.14,-1.03,0.39,28/3/2022 9:17,,,,
-34.91,161.07,-13.55,0.09,-0.77,0.3,28/3/2022 9:17,,,,
7.08,83.13,-2.93,0.33,-0.79,0.35,28/3/2022 9:17,,,,
38.88,-119.63,-17.64,0.11,-1.05,0.5,28/3/2022 9:17,,,,
2.81,-24.54,-1.59,0,-1.04,0.55,28/3/2022 9:17,,,,
-37.11,-11.6,54.02,0.06,-0.81,0.34,28/3/2022 9:17,,,,
-52.8,-12.08,-6.77,0.18,-1.04,0.3,28/3/2022 9:17,,,,
-45.04,33.57,21.3,-0.01,-0.83,0.21,28/3/2022 9:17,,,,
3.05,87.65,64.09,0.22,-0.98,0.31,28/3/2022 9:17,,,,
47.36,-73,-30.4,0.1,-1.14,0.42,28/3/2022 9:17,,,,
44.01,-78.86,-24.48,-0.13,-0.56,0.47,28/3/2022 9:17,,,,
0.37,52.55,-50.29,-0.02,-1.06,0.47,28/3/2022 9:17,,,,
2.69,110.53,-20.63,0.26,-0.82,0.31,28/3/2022 9:17,,,,
31.74,-48.89,-24.41,0.18,-0.8,0.43,28/3/2022 9:18,,,,
16.91,-73.55,-24.54,0.08,-1.33,0.59,28/3/2022 9:18,,,,
-43.64,16.6,82.76,0.08,-0.87,0.33,28/3/2022 9:18,,,,
-61.34,-14.71,35.83,0.18,-1.1,0.31,28/3/2022 9:18,,,,
-43.95,16.48,33.63,0.07,-0.84,0.19,28/3/2022 9:18,,,,
8.36,12.21,32.04,0.17,-0.87,0.26,28/3/2022 9:18,,,,
60.12,-48.77,-53.89,0.13,-1.04,0.41,28/3/2022 9:18,,,,
17.21,-21.36,-19.65,-0.05,-1.04,0.46,28/3/2022 9:18,,,,
-23.25,130.98,-15.87,0.07,-0.78,0.33,28/3/2022 9:18,,,,
14.59,3.6,7.2,0.24,-0.8,0.38,28/3/2022 9:18,,,,
31.01,-89.78,1.28,0.16,-1.33,0.53,28/3/2022 9:18,,,,
-14.1,-44.8,28.26,-0.04,-0.83,0.4,28/3/2022 9:18,,,,
-28.63,3.36,45.59,0.21,-1,0.34,28/3/2022 9:18,,,,
-45.78,-80.02,-15.08,0.1,-0.93,0.21,28/3/2022 9:18,,,,
-24.6,41.69,32.1,0.05,-0.83,0.18,28/3/2022 9:18,,,,
41.08,-44.62,-11.17,0.23,-1.07,0.34,28/3/2022 9:18,,,,
41.02,-99.98,0.85,-0.1,-0.64,0.66,28/3/2022 9:18,,,,
-7.63,-47.3,16.11,-0.03,-1.07,0.44,28/3/2022 9:18,,,,
-11.35,81.3,8.67,0.21,-0.76,0.28,28/3/2022 9:18,,,,
36.56,-60.3,-19.59,0.14,-0.81,0.42,28/3/2022 9:18,,,,
28.44,-84.78,-16.11,0.04,-1.25,0.59,28/3/2022 9:18,,,,
-17.27,-10.86,38.45,0.1,-0.84,0.39,28/3/2022 9:18,,,,
-28.02,-53.77,24.29,0.26,-1,0.31,28/3/2022 9:18,,,,
-56.27,-59.02,18.55,-0.02,-0.9,0.16,28/3/2022 9:18,,,,
-12.57,108.7,82.7,0.16,-0.91,0.15,28/3/2022 9:18,,,,
49.74,-16.24,34.91,0.35,-0.95,0.16,28/3/2022 9:18,,,,
100.22,-294.13,50.72,0.25,-1.28,0.48,28/3/2022 9:18,,,,
5.74,-224.18,136.47,-0.59,-0.72,0.48,28/3/2022 9:18,,,,
-44.74,105.1,-79.28,0.36,-1.13,0.23,28/3/2022 9:18,,,,
-25.57,28.08,-23.19,0.04,-0.83,0.25,28/3/2022 9:18,,,,
46.45,-54.26,1.53,0.33,-0.81,0.24,28/3/2022 9:18,,,,
48.83,-157.9,67.08,0.01,-1.23,0.5,28/3/2022 9:18,,,,
-29.11,-33.08,73.49,0.01,-1.01,0.44,28/3/2022 9:18,,,,
-48.16,-7.26,35.77,0.11,-0.95,0.31,28/3/2022 9:18,,,,
-27.89,-25.15,10.13,0.18,-0.89,0.2,28/3/2022 9:18,,,,
6.77,-52.43,-36.74,0.22,-0.92,0.18,28/3/2022 9:18,,,,
41.26,-44.92,-12.27,0.18,-0.89,0.24,28/3/2022 9:18,,,,
54.75,-75.38,40.47,0.23,-1.11,0.37,28/3/2022 9:18,,,,
35.89,-152.71,85.33,0.03,-1.2,0.53,28/3/2022 9:18,,,,
-14.95,-103.88,65.92,-0.1,-0.84,0.49,28/3/2022 9:18,,,,
-55.54,2.93,-20.32,-0.04,-0.81,0.31,28/3/2022 9:18,,,,
-58.65,77.21,-47.06,0.01,-1.06,0.32,28/3/2022 9:18,,,,
-21.97,63.48,-1.1,0.12,-0.74,0.2,28/3/2022 9:18,,,,
40.28,42.05,-35.16,0.09,-0.76,0.29,28/3/2022 9:18,,,,
87.46,-49.93,-59.2,0.12,-0.96,0.54,28/3/2022 9:18,,,,
65.25,27.16,-62.38,0.02,-1.35,0.65,28/3/2022 9:18,,,,
-14.83,34.91,-16.36,0.07,-0.83,0.48,28/3/2022 9:18,,,,
-48.22,-5.62,33.69,0.21,-1.03,0.36,28/3/2022 9:18,,,,
-71.11,-14.1,51.82,0.02,-1,0.24,28/3/2022 9:18,,,,
-52.55,76.66,101.07,0.08,-0.98,0.17,28/3/2022 9:18,,,,
3.54,10.13,46.08,0.21,-0.86,0.28,28/3/2022 9:18,,,,
65.37,-100.77,-47.18,0.04,-0.87,0.62,28/3/2022 9:18,,,,
38.45,-11.78,-57.74,-0.14,-0.95,0.36,28/3/2022 9:18,,,,
-9.22,127.87,-82.76,0.04,-0.94,0.38,28/3/2022 9:18,,,,
14.34,104.25,-34.61,0.24,-0.81,0.3,28/3/2022 9:18,,,,
55.3,-72.57,-47.61,0.3,-1.09,0.47,28/3/2022 9:18,,,,
-11.66,-52.43,45.29,-0.12,-0.8,0.47,28/3/2022 9:18,,,,
-60.55,-3.85,84.11,0.14,-1.12,0.42,28/3/2022 9:18,,,,
-80.08,-4.64,28.32,0.05,-0.98,0.26,28/3/2022 9:18,,,,
-54.26,56.03,53.65,0.08,-0.94,0.2,28/3/2022 9:18,,,,
1.53,3.11,8.36,0.14,-0.86,0.27,28/3/2022 9:18,,,,
81.24,-26.31,-78.19,0.13,-0.74,0.51,28/3/2022 9:18,,,,
53.1,-68.48,-59.51,-0.18,-1.11,0.5,28/3/2022 9:18,,,,
8.79,145.45,-28.99,0.11,-0.82,0.32,28/3/2022 9:18,,,,
21.24,49.19,-20.45,0.28,-0.82,0.42,28/3/2022 9:18,,,,
19.9,-101.68,-5.13,0.1,-1.27,0.56,28/3/2022 9:18,,,,
-36.19,-1.04,60.3,0,-0.92,0.45,28/3/2022 9:18,,,,
-55.24,-28.32,64.33,0.2,-1.08,0.33,28/3/2022 9:18,,,,
-61.46,-47.49,9.89,0.04,-0.91,0.19,28/3/2022 9:18,,,,
-31.62,56.15,55.42,0.04,-0.9,0.17,28/3/2022 9:18,,,,
25.57,8.3,7.14,0.22,-0.89,0.3,28/3/2022 9:18,,,,
86,-107.06,-52.86,-0.01,-0.91,0.62,28/3/2022 9:18,,,,
49.93,-17.27,-41.93,-0.1,-0.92,0.37,28/3/2022 9:18,,,,
-9.83,130.8,-70.86,0.03,-0.9,0.4,28/3/2022 9:18,,,,
9.77,85.14,-10.62,0.27,-0.81,0.34,28/3/2022 9:18,,,,
36.74,-74.04,-4.15,0.19,-0.91,0.43,28/3/2022 9:18,,,,
-1.95,-66.35,31.62,0.06,-1.08,0.5,28/3/2022 9:18,,,,
-45.47,-28.2,101.5,0.04,-1.03,0.38,28/3/2022 9:18,,,,
-67.69,-38.64,31.13,0.09,-1.02,0.29,28/3/2022 9:18,,,,
-55.97,40.28,41.44,0.03,-0.82,0.19,28/3/2022 9:18,,,,
1.53,65.49,14.65,0.16,-0.84,0.24,28/3/2022 9:18,,,,
71.41,-59.14,-85.94,0.17,-1.1,0.41,28/3/2022 9:18,,,,
18.74,47.97,-49.19,-0.01,-1.11,0.41,28/3/2022 9:18,,,,
-24.35,192.14,-23.99,0.11,-0.75,0.28,28/3/2022 9:18,,,,
13.73,53.71,10.38,0.3,-0.79,0.39,28/3/2022 9:18,,,,
30.94,-104.13,3.3,0.1,-1.17,0.54,28/3/2022 9:18,,,,
-12.76,-43.64,32.84,-0.03,-0.94,0.49,28/3/2022 9:18,,,,
-48.34,-0.06,71.78,0.06,-0.88,0.32,28/3/2022 9:18,,,,
-47.06,-30.21,-11.54,0.16,-0.96,0.29,28/3/2022 9:18,,,,
-31.56,22.89,17.88,0.01,-0.82,0.19,28/3/2022 9:18,,,,
33.33,-14.28,-10.5,0.2,-1.03,0.33,28/3/2022 9:18,,,,
73.55,-110.84,-36.5,-0.03,-0.8,0.69,28/3/2022 9:18,,,,
3.66,6.29,-34.97,-0.07,-0.97,0.36,28/3/2022 9:18,,,,
-23.13,157.9,-29.24,0.07,-0.78,0.29,28/3/2022 9:18,,,,
18.31,-79.41,-13,0.02,-1.45,0.64,28/3/2022 9:18,,,,
-60.12,-18.62,20.26,0.13,-1.06,0.3,28/3/2022 9:18,,,,
-25.27,55.05,48.71,0.07,-0.83,0.22,28/3/2022 9:18,,,,
49.87,-48.95,-51.76,0.12,-1.05,0.37,28/3/2022 9:18,,,,
54.87,-38.57,-66.89,-0.07,-0.73,0.49,28/3/2022 9:18,,,,
-9.77,56.34,-48.95,-0.06,-0.97,0.4,28/3/2022 9:18,,,,
22.22,-53.65,-6.65,-0.01,-1.24,0.64,28/3/2022 9:18,,,,
-50.72,-8.36,29.72,0.04,-0.88,0.22,28/3/2022 9:18,,,,
80.14,-98.63,-83.44,0.03,-1.15,0.73,28/3/2022 9:18,,,,
-24.78,117.49,-65.61,0.04,-0.97,0.4,28/3/2022 9:18,,,,
5.68,110.84,5.49,0.23,-0.68,0.28,28/3/2022 9:18,,,,
-42.54,0.92,101.93,0.01,-0.87,0.37,28/3/2022 9:18,,,,
-50.48,21.12,27.28,-0.03,-0.8,0.19,28/3/2022 9:18,,,,
12.94,58.11,3.05,0.22,-0.87,0.29,28/3/2022 9:18,,,,
-14.53,174.99,17.64,0.22,-0.74,0.29,28/3/2022 9:18,,,,
39.43,-86.67,-16.17,0.1,-1.22,0.64,28/3/2022 9:18,,,,
-55.48,-1.65,45.29,0.22,-1.08,0.34,28/3/2022 9:18,,,,
-45.65,15.14,38.64,0.02,-0.82,0.19,28/3/2022 9:18,,,,
27.59,28.99,31.07,0.21,-0.8,0.33,28/3/2022 9:18,,,,
60.42,-100.28,-84.72,-0.19,-0.71,0.73,28/3/2022 9:18,,,,
-43.46,183.11,-24.78,0.13,-0.85,0.32,28/3/2022 9:18,,,,
-42.24,-66.77,-6.23,0.08,-0.97,0.23,28/3/2022 9:18,,,,
-30.15,58.59,43.4,0.04,-0.89,0.17,28/3/2022 9:18,,,,
29.72,11.35,18.86,0.27,-0.99,0.29,28/3/2022 9:18,,,,
21.85,-32.53,-7.32,0.12,-0.78,0.38,28/3/2022 9:18,,,,
-18.8,-86.12,23.68,0.24,-1.08,0.26,28/3/2022 9:18,,,,
18.74,48.22,60.06,0.23,-0.93,0.22,28/3/2022 9:18,,,,
38.39,-109.86,56.7,-0.06,-0.7,0.63,28/3/2022 9:18,,,,
-20.32,-55.18,-37.54,0.06,-0.88,0.3,28/3/2022 9:18,,,,
21.73,-74.46,63.72,0.08,-0.92,0.43,28/3/2022 9:18,,,,
-24.05,16.6,-4.39,0.02,-0.93,0.33,28/3/2022 9:18,,,,
21.91,-30.15,22.28,0.08,-0.88,0.27,28/3/2022 9:18,,,,
11.96,-90.39,51.21,0.03,-1.15,0.4,28/3/2022 9:18,,,,
-3.91,-30.94,47.55,0.04,-1.05,0.53,28/3/2022 9:18,,,,
-36.01,-41.14,27.4,0,-0.78,0.33,28/3/2022 9:18,,,,
-28.38,26.49,-2.26,0.05,-0.77,0.24,28/3/2022 9:18,,,,
36.32,-9.52,-35.95,0.07,-0.79,0.35,28/3/2022 9:18,,,,
49.07,-64.39,-43.76,0.06,-0.95,0.57,28/3/2022 9:18,,,,
23.56,19.71,-20.51,0.02,-1.08,0.57,28/3/2022 9:18,,,,
-13.37,3.66,22.58,0.13,-0.9,0.44,28/3/2022 9:18,,,,
-24.84,-42.79,47.24,0.18,-0.98,0.32,28/3/2022 9:18,,,,
-39.25,-56.4,42.79,-0.01,-0.93,0.23,28/3/2022 9:18,,,,
0.31,68.85,62.32,0.16,-0.93,0.27,28/3/2022 9:18,,,,
49.87,-89.78,-32.29,-0.1,-0.88,0.68,28/3/2022 9:18,,,,
-14.89,70.01,-57.74,0,-0.97,0.41,28/3/2022 9:18,,,,
16.72,37.72,-26.55,0.24,-0.75,0.33,28/3/2022 9:18,,,,
51.33,-67.57,-39.18,0.23,-1.3,0.57,28/3/2022 9:18,,,,
-33.02,5.25,89.66,0.09,-0.9,0.37,28/3/2022 9:18,,,,
-58.35,-51.45,37.84,0.11,-1.03,0.34,28/3/2022 9:18,,,,
-50.78,28.99,39.79,0.05,-0.88,0.19,28/3/2022 9:18,,,,
-12.21,51.39,43.52,0.15,-0.96,0.27,28/3/2022 9:18,,,,
40.28,-35.89,-32.65,0.07,-1.11,0.39,28/3/2022 9:18,,,,
43.09,-61.71,-51.45,-0.05,-0.73,0.49,28/3/2022 9:18,,,,
-3.3,33.94,-50.66,-0.07,-0.93,0.4,28/3/2022 9:18,,,,
-7.69,154.79,-25.39,0.19,-0.79,0.33,28/3/2022 9:18,,,,
27.89,-46.88,-15.08,0.22,-0.83,0.45,28/3/2022 9:18,,,,
-3.91,5.49,13.79,0.06,-0.87,0.54,28/3/2022 9:18,,,,
-36.56,-18.43,52.67,0.11,-0.99,0.37,28/3/2022 9:18,,,,
-31.13,25.02,32.96,0.07,-0.78,0.24,28/3/2022 9:18,,,,
3.23,31.74,39.55,0.13,-0.96,0.3,28/3/2022 9:18,,,,
45.84,-59.94,-24.35,0.07,-1.08,0.47,28/3/2022 9:18,,,,
34.3,-27.4,-30.4,-0.13,-0.66,0.45,28/3/2022 9:18,,,,
-7.39,52.19,-49.74,-0.02,-0.97,0.39,28/3/2022 9:18,,,,
-8.12,128.72,-42.54,0.16,-0.74,0.27,28/3/2022 9:18,,,,
34.91,-34.85,-35.95,0.23,-0.77,0.43,28/3/2022 9:18,,,,
26.98,-90.15,-25.15,0.08,-1.46,0.65,28/3/2022 9:18,,,,
-33.94,12.57,88.81,0.01,-0.78,0.37,28/3/2022 9:18,,,,
-64.21,-6.84,83.44,0.17,-1.17,0.34,28/3/2022 9:18,,,,
-53.04,0.73,55.05,0.03,-0.87,0.2,28/3/2022 9:18,,,,
-10.68,17.46,36.32,0.1,-0.88,0.24,28/3/2022 9:18,,,,
40.77,-26.92,-52.37,0.12,-1.01,0.35,28/3/2022 9:18,,,,
69.46,-73.06,-69.64,-0.02,-0.76,0.59,28/3/2022 9:18,,,,
20.32,-1.04,-47.18,-0.09,-1.02,0.43,28/3/2022 9:18,,,,
-15.44,164.49,-36.19,0.12,-0.77,0.3,28/3/2022 9:18,,,,
21.3,5.19,-13.79,0.27,-0.78,0.41,28/3/2022 9:18,,,,
17.76,-82.82,0.06,0.01,-1.31,0.57,28/3/2022 9:18,,,,
-23.56,4.88,80.02,0.04,-0.82,0.39,28/3/2022 9:18,,,,
-37.05,-34.06,56.15,0.21,-1.03,0.34,28/3/2022 9:18,,,,
-45.41,-50.54,11.23,0.02,-0.94,0.23,28/3/2022 9:18,,,,
-21.67,67.75,47.73,0.06,-0.88,0.22,28/3/2022 9:18,,,,
24.72,-23.62,-5.31,0.19,-0.93,0.35,28/3/2022 9:18,,,,
59.88,-81.3,-41.32,-0.06,-0.89,0.56,28/3/2022 9:18,,,,
0.49,42.6,-47.18,-0.01,-1,0.36,28/3/2022 9:18,,,,
-4.15,141.36,-64.27,0.13,-0.8,0.29,28/3/2022 9:18,,,,
32.04,-22.4,-29.17,0.22,-0.83,0.44,28/3/2022 9:18,,,,
23.86,-62.13,-5,0.09,-1.35,0.61,28/3/2022 9:18,,,,
-39.25,-5.98,83.62,0.05,-0.83,0.37,28/3/2022 9:18,,,,
-62.56,-40.53,51.33,0.14,-1.13,0.33,28/3/2022 9:18,,,,
-59.51,10.31,44.62,0.03,-0.89,0.19,28/3/2022 9:18,,,,
-16.3,52.92,54.69,0.1,-0.93,0.23,28/3/2022 9:18,,,,
60.61,-61.83,-69.4,0.08,-1.12,0.47,28/3/2022 9:18,,,,
67.69,-48.58,-75.81,-0.09,-0.71,0.5,28/3/2022 9:18,,,,
8.36,36.99,-72.14,-0.06,-0.99,0.46,28/3/2022 9:18,,,,
-3.11,143.07,-22.09,0.19,-0.77,0.35,28/3/2022 9:18,,,,
19.17,-38.76,6.65,0.16,-0.8,0.44,28/3/2022 9:18,,,,
15.2,-39.37,19.9,0.08,-1.32,0.61,28/3/2022 9:18,,,,
-28.69,-34.55,83.13,0.01,-0.79,0.39,28/3/2022 9:18,,,,
-41.87,-33.51,48.46,0.15,-1.09,0.35,28/3/2022 9:18,,,,
-44.37,-15.75,19.59,0.01,-0.86,0.21,28/3/2022 9:18,,,,
-18.86,49.19,46.45,0.07,-0.9,0.21,28/3/2022 9:18,,,,
36.5,-2.81,-25.27,0.16,-1.02,0.33,28/3/2022 9:18,,,,
71.04,-58.11,-74.4,-0.04,-0.77,0.63,28/3/2022 9:18,,,,
12.33,13.31,-50.54,-0.06,-1.02,0.35,28/3/2022 9:18,,,,
-27.1,173.46,-37.96,0.06,-0.83,0.3,28/3/2022 9:18,,,,
12.21,72.69,-5.37,0.3,-0.78,0.36,28/3/2022 9:18,,,,
47.24,-91.31,-29.11,0.19,-1.11,0.51,28/3/2022 9:18,,,,
-10.25,-36.68,14.1,-0.06,-0.79,0.45,28/3/2022 9:18,,,,
-53.53,1.16,75.38,0.14,-1.16,0.39,28/3/2022 9:18,,,,
-70.43,18.37,56.82,0.05,-0.98,0.26,28/3/2022 9:18,,,,
-37.35,29.54,69.34,0.1,-0.85,0.22,28/3/2022 9:18,,,,
9.95,0.79,-1.83,0.1,-0.79,0.29,28/3/2022 9:18,,,,
91.55,-30.88,-113.53,0.18,-1.18,0.55,28/3/2022 9:18,,,,
53.47,-80.02,-58.9,-0.13,-0.97,0.41,28/3/2022 9:18,,,,
-8.54,118.23,-30.64,0.03,-0.89,0.42,28/3/2022 9:18,,,,
-5.74,75.44,-5.49,0.29,-0.76,0.32,28/3/2022 9:18,,,,
20.51,-47.18,-0.98,0.15,-0.9,0.44,28/3/2022 9:18,,,,
11.23,-42.11,17.09,0.07,-1.3,0.53,28/3/2022 9:18,,,,
-25.02,-36.44,75.38,0.05,-0.81,0.36,28/3/2022 9:18,,,,
-39,-47.55,31.25,0.17,-1.11,0.33,28/3/2022 9:18,,,,
-51.64,-36.93,10.8,0.02,-0.88,0.2,28/3/2022 9:18,,,,
-22.22,77.64,60.91,0.08,-0.9,0.2,28/3/2022 9:18,,,,
38.02,-32.96,-57.07,0.16,-0.97,0.36,28/3/2022 9:18,,,,
59.88,-66.28,-72.27,-0.13,-0.67,0.61,28/3/2022 9:18,,,,
-3.54,1.46,-34.91,-0.08,-1.01,0.41,28/3/2022 9:18,,,,
-29.17,154.91,1.1,0.13,-0.75,0.27,28/3/2022 9:18,,,,
10.86,1.46,27.89,0.15,-0.74,0.36,28/3/2022 9:18,,,,
37.11,-80.87,4.39,0.06,-0.87,0.53,28/3/2022 9:18,,,,
-7.93,-54.14,-2.87,-0.03,-1.13,0.56,28/3/2022 9:18,,,,
-44.37,-2.32,60.97,0.04,-0.94,0.37,28/3/2022 9:18,,,,
-53.47,-55.6,11.66,0.11,-1.02,0.31,28/3/2022 9:18,,,,
-43.52,36.07,56.21,-0.01,-0.84,0.2,28/3/2022 9:18,,,,
11.29,57.8,44.19,0.17,-0.82,0.36,28/3/2022 9:18,,,,
73.73,-82.82,-49.07,0.01,-1.14,0.6,28/3/2022 9:18,,,,
42.3,-23.74,-47.67,-0.12,-0.78,0.43,28/3/2022 9:18,,,,
-13.31,69.21,-58.17,-0.04,-1.03,0.46,28/3/2022 9:18,,,,
-8.73,150.02,-0.31,0.16,-0.75,0.23,28/3/2022 9:18,,,,
35.1,-32.17,13.18,0.18,-0.82,0.38,28/3/2022 9:18,,,,
47.67,-59.94,-2.26,0.03,-1.14,0.58,28/3/2022 9:18,,,,
8.79,-33.08,-0.12,0.04,-0.92,0.48,28/3/2022 9:18,,,,
-26.43,-4.88,16.85,0.12,-0.93,0.35,28/3/2022 9:18,,,,
-39.12,-35.16,7.39,0.23,-1.1,0.25,28/3/2022 9:18,,,,
-44.86,-35.71,13.67,0.08,-0.95,0.18,28/3/2022 9:18,,,,
-8.18,36.13,50.6,0.19,-0.89,0.16,28/3/2022 9:18,,,,
42.18,-64.15,28.75,0.19,-1.02,0.2,28/3/2022 9:18,,,,
79.1,-143.74,37.41,0.17,-1.05,0.34,28/3/2022 9:18,,,,
67.69,-158.26,96.01,-0.06,-0.89,0.27,28/3/2022 9:18,,,,
-7.02,-116.94,15.81,-0.09,-0.97,0.4,28/3/2022 9:18,,,,
-1.59,-56.15,20.2,0.31,-0.91,0.06,28/3/2022 9:18,,,,
7.2,-50.96,24.6,0.31,-0.9,0.3,28/3/2022 9:18,,,,
9.52,-82.46,37.96,0.27,-0.87,0.22,28/3/2022 9:18,,,,
28.87,-54.63,27.04,0.34,-0.87,0.37,28/3/2022 9:18,,,,
57.01,-30.94,11.78,0.45,-0.79,0,28/3/2022 9:18,,,,
-0.31,2.01,0.24,0.67,-0.7,0.22,28/3/2022 9:23,,,,
1.22,-3.36,-0.06,0.65,-0.71,0.21,28/3/2022 9:23,,,,
0.61,-0.92,-0.24,0.64,-0.72,0.23,28/3/2022 9:23,,,,
-1.28,0.49,-0.31,0.65,-0.71,0.22,28/3/2022 9:23,,,,
-1.34,2.2,0.12,0.65,-0.7,0.22,28/3/2022 9:23,,,,
0.61,-0.06,-0.31,0.65,-0.7,0.22,28/3/2022 9:23,,,,
0.61,0.31,0.55,0.65,-0.71,0.22,28/3/2022 9:23,,,,
0.43,0.92,0.61,0.65,-0.71,0.22,28/3/2022 9:23,,,,
-0.55,0.79,1.28,0.65,-0.71,0.22,28/3/2022 9:23,,,,
-1.46,0.73,1.04,0.65,-0.71,0.23,28/3/2022 9:23,,,,
-1.28,0,1.1,0.65,-0.7,0.22,28/3/2022 9:23,,,,
-1.22,1.53,1.22,0.67,-0.7,0.22,28/3/2022 9:23,,,,
-2.5,-0.61,0.73,0.66,-0.7,0.24,28/3/2022 9:23,,,,
-1.59,-1.83,-2.32,0.67,-0.68,0.23,28/3/2022 9:23,,,,
-1.83,0.18,-3.23,0.7,-0.68,0.23,28/3/2022 9:23,,,,
-4.09,-6.1,-4.27,0.68,-0.67,0.26,28/3/2022 9:23,,,,
-2.08,-8.12,-2.2,0.65,-0.67,0.26,28/3/2022 9:23,,,,
-5.19,-8.54,0.79,0.63,-0.74,0.28,28/3/2022 9:23,,,,
-12.76,-16.17,-5.98,0.54,-0.72,0.43,28/3/2022 9:23,,,,
-8.06,33.45,-7.39,0.66,-0.58,0.43,28/3/2022 9:23,,,,
-1.34,0.49,-8.85,0.61,-0.49,0.4,28/3/2022 9:23,,,,
23.44,12.21,-5.92,0.61,-0.6,0.42,28/3/2022 9:23,,,,
31.56,24.6,3.11,0.8,-0.87,0.19,28/3/2022 9:23,,,,
-14.53,1.65,5.55,0.68,-0.71,0.13,28/3/2022 9:23,,,,
-4.88,-60.85,18.92,0.57,-0.77,0.04,28/3/2022 9:23,,,,
2.93,-8.85,-10.99,0.72,-0.63,0.29,28/3/2022 9:23,,,,
-29.97,-45.04,2.5,0.72,-0.66,0.29,28/3/2022 9:23,,,,
-12.51,16.72,3.54,0.68,-0.87,0.51,28/3/2022 9:23,,,,
-32.53,9.34,-5.31,0.54,-0.62,0.4,28/3/2022 9:23,,,,
-6.9,-35.03,11.29,0.39,-0.7,0.19,28/3/2022 9:23,,,,
16.17,83.31,-20.32,0.6,-0.53,0.4,28/3/2022 9:23,,,,
-12.39,34.67,8.97,0.81,-0.39,0.39,28/3/2022 9:23,,,,
50.17,5.68,13.06,0.9,-0.94,0.17,28/3/2022 9:23,,,,
18.49,18.31,-7.75,0.71,-0.83,0.32,28/3/2022 9:23,,,,
-5.98,-98.39,-1.4,0.51,-0.67,0.1,28/3/2022 9:23,,,,
14.16,-34.18,-8.06,0.54,-0.59,0.12,28/3/2022 9:23,,,,
-9.34,1.53,2.5,0.68,-0.87,0.42,28/3/2022 9:23,,,,
-51.94,42.05,7.14,0.79,-0.91,0.47,28/3/2022 9:23,,,,
-18.01,-87.83,-3.05,0.4,-0.54,0.14,28/3/2022 9:23,,,,
22.89,45.35,-3.78,0.3,-0.67,0.37,28/3/2022 9:23,,,,
6.84,62.93,-9.52,0.75,-0.51,0.47,28/3/2022 9:23,,,,
14.28,2.5,23.5,0.79,-0.68,0.29,28/3/2022 9:23,,,,
50.23,39.43,3.11,0.64,-1.03,0.4,28/3/2022 9:23,,,,
7.63,-37.05,-6.96,0.58,-0.53,0.11,28/3/2022 9:23,,,,
-10.01,40.77,7.93,0.72,-0.97,0.46,28/3/2022 9:23,,,,
-24.41,-44.74,-3.17,0.34,-0.54,0.1,28/3/2022 9:23,,,,
-5,65.49,-6.96,0.73,-0.5,0.53,28/3/2022 9:23,,,,
6.59,5.8,7.14,0.76,-0.45,0.31,28/3/2022 9:23,,,,
51.57,33.26,-11.84,0.63,-1.02,0.48,28/3/2022 9:23,,,,
2.26,-5.25,-14.16,0.58,-0.54,0.11,28/3/2022 9:23,,,,
-1.22,3.48,0.18,0.75,-0.68,0.32,28/3/2022 9:23,,,,
-35.46,22.34,12.76,0.85,-0.92,0.34,28/3/2022 9:23,,,,
-14.59,-101.26,2.26,0.4,-0.68,0.15,28/3/2022 9:23,,,,
-2.26,47.06,-6.84,0.53,-0.54,0.52,28/3/2022 9:23,,,,
-3.36,9.28,0.85,0.68,-0.41,0.46,28/3/2022 9:23,,,,
33.81,51.88,15.32,0.86,-0.9,0.21,28/3/2022 9:23,,,,
8.36,17.4,-12.57,0.84,-0.66,0.12,28/3/2022 9:23,,,,
3.97,-57.25,1.71,0.45,-0.74,0.23,28/3/2022 9:23,,,,
-6.53,-9.64,-4.82,0.57,-0.67,0.25,28/3/2022 9:23,,,,
-24.54,27.77,3.91,0.91,-0.89,0.46,28/3/2022 9:23,,,,
-26.43,-48.58,9.03,0.42,-0.7,0.32,28/3/2022 9:23,,,,
-12.39,-39.79,-6.47,0.32,-0.55,0.18,28/3/2022 9:23,,,,
7.32,64.94,-6.53,0.59,-0.53,0.55,28/3/2022 9:23,,,,
4.15,-3.48,-0.61,0.73,-0.44,0.42,28/3/2022 9:23,,,,
28.63,30.15,16.72,0.79,-0.88,0.21,28/3/2022 9:23,,,,
36.44,38.45,-15.01,0.76,-0.82,0.41,28/3/2022 9:23,,,,
5.13,-75.74,5.19,0.55,-0.71,0.21,28/3/2022 9:23,,,,
10.25,-37.05,-2.01,0.51,-0.61,0.15,28/3/2022 9:23,,,,
-15.62,40.28,9.03,0.74,-0.97,0.44,28/3/2022 9:23,,,,
-33.26,-9.16,-3.97,0.5,-0.66,0.43,28/3/2022 9:23,,,,
-12.63,-11.78,2.26,0.36,-0.6,0.19,28/3/2022 9:23,,,,
-10.31,53.16,-7.63,0.74,-0.49,0.57,28/3/2022 9:23,,,,
-1.83,4.39,11.78,0.61,-0.46,0.37,28/3/2022 9:23,,,,
54.69,69.7,5.37,0.76,-1.04,0.39,28/3/2022 9:23,,,,
-8.79,-17.52,-14.4,0.79,-0.64,0.08,28/3/2022 9:23,,,,
-8.54,-29.85,0.18,0.51,-0.63,0.23,28/3/2022 9:23,,,,
3.54,-18.43,-7.57,0.56,-0.55,0.18,28/3/2022 9:23,,,,
-3.42,35.28,-1.59,0.87,-0.89,0.48,28/3/2022 9:23,,,,
-52.12,-5.74,10.19,0.68,-0.77,0.4,28/3/2022 9:23,,,,
-21.18,-79.47,-3.48,0.31,-0.6,0.08,28/3/2022 9:23,,,,
5.8,83.92,-6.9,0.58,-0.6,0.54,28/3/2022 9:23,,,,
-0.37,-1.53,8.06,0.69,-0.45,0.39,28/3/2022 9:23,,,,
53.47,59.63,8.36,0.75,-1.1,0.28,28/3/2022 9:23,,,,
-12.94,-33.2,-5.74,0.75,-0.61,-0.03,28/3/2022 9:23,,,,
9.4,-23.56,-7.02,0.62,-0.59,0.1,28/3/2022 9:23,,,,
-16.85,20.26,5.68,0.79,-0.85,0.39,28/3/2022 9:23,,,,
-27.65,-11.96,5.49,0.49,-0.68,0.4,28/3/2022 9:23,,,,
14.4,45.96,10.19,0.51,-0.62,0.45,28/3/2022 9:23,,,,
-6.1,16.54,-4.21,0.73,-0.47,0.5,28/3/2022 9:23,,,,
19.59,9.52,20.08,0.74,-0.76,0.24,28/3/2022 9:23,,,,
-2.32,-54.32,-3.66,0.66,-0.69,0.05,28/3/2022 9:23,,,,
-35.34,5.68,10.99,0.7,-0.83,0.43,28/3/2022 9:23,,,,
-2.01,-3.48,0.98,0.33,-0.58,0.31,28/3/2022 9:23,,,,
1.89,26.37,-7.51,0.7,-0.47,0.51,28/3/2022 9:23,,,,
18.31,-6.41,18.62,0.62,-0.55,0.37,28/3/2022 9:24,,,,
54.44,78.19,-7.32,0.68,-0.94,0.48,28/3/2022 9:24,,,,
21.85,-23.25,-6.35,0.58,-0.66,0.11,28/3/2022 9:24,,,,
-35.28,21.42,8.36,0.95,-1.01,0.34,28/3/2022 9:24,,,,
-23.74,-99.85,23.5,0.25,-0.61,0.15,28/3/2022 9:24,,,,
-4.15,4.03,12.21,0.73,-0.42,0.56,28/3/2022 9:24,,,,
78.06,61.1,0.73,0.85,-0.86,0.33,28/3/2022 9:24,,,,
51.09,-22.16,0.61,0.61,-0.74,0.11,28/3/2022 9:24,,,,
11.05,-48.1,8.79,0.79,-0.74,0.21,28/3/2022 9:24,,,,
2.26,-34.24,14.71,0.67,-0.61,0.27,28/3/2022 9:24,,,,
28.02,-60.49,29.48,0.39,-0.77,0.17,28/3/2022 9:24,,,,
60.36,-63.17,7.51,0.68,-0.83,0.06,28/3/2022 9:24,,,,
29.66,-40.71,6.23,0.69,-0.79,0.28,28/3/2022 9:24,,,,
-1.83,-57.98,22.64,0.59,-0.56,0.19,28/3/2022 9:24,,,,
8.97,-101.87,34.61,0.28,-0.72,0.15,28/3/2022 9:24,,,,
25.15,19.59,5.07,0.84,-0.51,0.47,28/3/2022 9:24,,,,
21.97,-40.1,19.65,0.63,-0.55,0.29,28/3/2022 9:24,,,,
24.9,-52.49,1.04,0.74,-0.64,-0.04,28/3/2022 9:24,,,,
22.52,-26.73,-20.14,0.7,-0.64,0.14,28/3/2022 9:24,,,,
3.42,-27.59,3.54,0.63,-0.79,0.15,28/3/2022 9:24,,,,
-42.91,-2.93,6.96,0.7,-0.63,0.31,28/3/2022 9:24,,,,
18.92,9.22,8.91,0.44,-0.69,0.25,28/3/2022 9:24,,,,
5.55,-24.9,7.08,0.71,-0.48,0.35,28/3/2022 9:24,,,,
30.7,-7.69,18.43,0.58,-0.64,0.31,28/3/2022 9:24,,,,
34.24,32.65,-10.56,0.69,-0.84,0.37,28/3/2022 9:24,,,,
0.06,-52.8,1.22,0.65,-0.69,0,28/3/2022 9:24,,,,
15.87,-18.19,-8.67,0.58,-0.74,0.14,28/3/2022 9:24,,,,
-17.94,-22.4,-6.9,0.63,-0.72,0.2,28/3/2022 9:24,,,,
-41.08,25.09,5.98,0.69,-0.96,0.38,28/3/2022 9:24,,,,
-35.52,-23.56,-5.98,0.42,-0.65,0.37,28/3/2022 9:24,,,,
-20.81,-9.83,-7.08,0.29,-0.57,0.26,28/3/2022 9:24,,,,
17.52,55.36,-4.58,0.67,-0.53,0.51,28/3/2022 9:24,,,,
10.86,3.6,7.75,0.67,-0.47,0.35,28/3/2022 9:24,,,,
67.87,69.52,4.52,0.66,-1.12,0.27,28/3/2022 9:24,,,,
-10.01,-41.44,2.14,0.75,-0.7,-0.06,28/3/2022 9:24,,,,
0.92,-24.41,-10.74,0.57,-0.68,0.09,28/3/2022 9:24,,,,
-18.25,-20.75,-0.18,0.67,-0.73,0.27,28/3/2022 9:24,,,,
-31.74,6.9,8.48,0.76,-0.87,0.42,28/3/2022 9:24,,,,
-37.05,-11.05,5.43,0.5,-0.71,0.44,28/3/2022 9:24,,,,
-24.78,-66.16,-3.42,0.36,-0.52,0.18,28/3/2022 9:24,,,,
22.95,59.69,-3.42,0.56,-0.59,0.53,28/3/2022 9:24,,,,
5.55,4.39,-0.85,0.71,-0.48,0.47,28/3/2022 9:24,,,,
12.7,3.78,16.11,0.65,-0.71,0.25,28/3/2022 9:24,,,,
44.92,60.61,-6.29,0.61,-0.94,0.48,28/3/2022 9:24,,,,
-7.14,-24.41,-2.32,0.75,-0.66,0.06,28/3/2022 9:24,,,,
6.35,-13.79,-5.49,0.63,-0.65,0.14,28/3/2022 9:24,,,,
-6.71,-22.03,1.46,0.6,-0.7,0.32,28/3/2022 9:24,,,,
-12.76,23.38,4.21,0.73,-0.88,0.51,28/3/2022 9:24,,,,
-40.71,-6.1,-2.93,0.59,-0.74,0.41,28/3/2022 9:24,,,,
-24.9,-70.86,-10.62,0.37,-0.56,0.11,28/3/2022 9:24,,,,
16.48,63.96,-6.84,0.51,-0.58,0.48,28/3/2022 9:24,,,,
0.37,4.21,0.92,0.68,-0.54,0.47,28/3/2022 9:24,,,,
9.46,12.88,12.88,0.66,-0.73,0.25,28/3/2022 9:24,,,,
37.78,50.48,-4.33,0.63,-0.94,0.45,28/3/2022 9:24,,,,
-6.35,-25.27,-3.66,0.71,-0.68,0.06,28/3/2022 9:24,,,,
16.3,-11.05,-8.12,0.57,-0.74,0.19,28/3/2022 9:24,,,,
-12.76,-30.09,-1.65,0.58,-0.66,0.25,28/3/2022 9:24,,,,
-7.26,25.33,7.2,0.7,-0.86,0.46,28/3/2022 9:24,,,,
-52.73,22.22,1.83,0.85,-0.88,0.34,28/3/2022 9:24,,,,
-28.2,-74.34,-3.91,0.38,-0.6,0.18,28/3/2022 9:24,,,,
13.73,48.16,-3.05,0.33,-0.7,0.37,28/3/2022 9:24,,,,
-1.46,28.44,-4.15,0.73,-0.51,0.56,28/3/2022 9:24,,,,
3.23,0.18,13.85,0.62,-0.53,0.39,28/3/2022 9:24,,,,
28.93,43.95,11.29,0.75,-0.86,0.26,28/3/2022 9:24,,,,
15.93,33.08,-9.03,0.78,-0.7,0.25,28/3/2022 9:24,,,,
7.26,-61.52,1.28,0.63,-0.79,0.08,28/3/2022 9:24,,,,
5.43,-3.42,-13.18,0.64,-0.69,0.2,28/3/2022 9:24,,,,
-22.16,-38.27,-2.26,0.64,-0.68,0.29,28/3/2022 9:24,,,,
-17.33,32.41,2.38,0.78,-0.81,0.49,28/3/2022 9:24,,,,
-48.4,-3.36,-3.42,0.66,-0.66,0.43,28/3/2022 9:24,,,,
-24.23,-96.98,-0.73,0.33,-0.54,0.11,28/3/2022 9:24,,,,
30.03,86.61,-0.24,0.4,-0.66,0.48,28/3/2022 9:24,,,,
16.91,41.75,-8.06,0.78,-0.52,0.49,28/3/2022 9:24,,,,
11.72,-5.43,15.99,0.63,-0.59,0.36,28/3/2022 9:24,,,,
46.88,43.64,0.06,0.72,-0.93,0.34,28/3/2022 9:24,,,,
5.25,-14.59,-2.32,0.79,-0.58,0.08,28/3/2022 9:24,,,,
20.87,-58.78,9.77,0.54,-0.84,0.15,28/3/2022 9:24,,,,
-1.59,-30.4,-11.35,0.65,-0.67,0.22,28/3/2022 9:24,,,,
-15.56,1.46,-1.34,0.65,-0.79,0.3,28/3/2022 9:24,,,,
-57.25,27.59,-0.06,0.82,-0.83,0.41,28/3/2022 9:24,,,,
-22.16,-54.63,-4.58,0.47,-0.6,0.24,28/3/2022 9:24,,,,
8,19.47,-2.14,0.31,-0.62,0.34,28/3/2022 9:24,,,,
11.66,47.12,-5.92,0.66,-0.52,0.49,28/3/2022 9:24,,,,
12.76,-2.99,13,0.68,-0.55,0.41,28/3/2022 9:24,,,,
27.4,35.77,17.88,0.75,-1.01,0.25,28/3/2022 9:24,,,,
13.73,24.66,-6.16,0.73,-0.67,0.22,28/3/2022 9:24,,,,
14.1,-35.77,6.84,0.45,-0.87,0.23,28/3/2022 9:24,,,,
-10.01,-29.85,-11.23,0.69,-0.64,0.24,28/3/2022 9:24,,,,
-17.15,-13.18,-1.95,0.67,-0.7,0.43,28/3/2022 9:24,,,,
-38.88,11.78,-4.46,0.73,-0.82,0.49,28/3/2022 9:24,,,,
-28.69,-10.8,-3.3,0.47,-0.58,0.41,28/3/2022 9:24,,,,
-3.17,-33.57,-6.35,0.36,-0.59,0.23,28/3/2022 9:24,,,,
27.16,70.01,-15.87,0.58,-0.66,0.53,28/3/2022 9:24,,,,
-2.01,8.36,1.04,0.74,-0.47,0.42,28/3/2022 9:24,,,,
23.44,0.49,19.41,0.72,-0.71,0.21,28/3/2022 9:24,,,,
39.73,45.84,3.91,0.68,-0.88,0.39,28/3/2022 9:24,,,,
-4.82,-29.72,4.82,0.75,-0.65,0.12,28/3/2022 9:24,,,,
24.9,-13.43,-0.92,0.56,-0.77,0.25,28/3/2022 9:24,,,,
-19.59,-47.73,-3.85,0.59,-0.65,0.23,28/3/2022 9:24,,,,
-13.85,22.71,5.98,0.69,-0.81,0.4,28/3/2022 9:24,,,,
-45.72,38.51,2.32,0.78,-0.77,0.46,28/3/2022 9:24,,,,
-20.14,-80.81,-3.48,0.33,-0.53,0.19,28/3/2022 9:24,,,,
19.47,59.57,-0.85,0.4,-0.73,0.43,28/3/2022 9:24,,,,
0.37,41.08,-15.75,0.71,-0.51,0.47,28/3/2022 9:24,,,,
4.39,15.62,-0.31,0.7,-0.49,0.37,28/3/2022 9:24,,,,
23.5,35.71,11.78,0.83,-0.78,0.22,28/3/2022 9:24,,,,
26.49,29.36,-3.11,0.69,-0.77,0.33,28/3/2022 9:24,,,,
3.85,-60.49,7.32,0.71,-0.68,-0.01,28/3/2022 9:24,,,,
22.46,-11.05,-3.72,0.55,-0.82,0.25,28/3/2022 9:24,,,,
-23.5,-52.12,-5.43,0.7,-0.57,0.26,28/3/2022 9:24,,,,
-11.47,3.97,6.77,0.64,-0.75,0.41,28/3/2022 9:24,,,,
-37.05,40.34,-4.03,0.81,-0.86,0.42,28/3/2022 9:24,,,,
-13.55,-89.42,-0.61,0.44,-0.52,0.11,28/3/2022 9:24,,,,
23.07,30.7,8,0.36,-0.74,0.39,28/3/2022 9:24,,,,
17.46,32.1,-11.96,0.71,-0.55,0.43,28/3/2022 9:24,,,,
10.93,-10.5,10.38,0.71,-0.53,0.39,28/3/2022 9:24,,,,
29.66,13.85,20.63,0.81,-0.85,0.17,28/3/2022 9:24,,,,
28.14,9.4,0.61,0.7,-0.72,0.25,28/3/2022 9:24,,,,
19.23,-70.92,10.93,0.7,-0.66,0.04,28/3/2022 9:24,,,,
35.1,-25.02,4.39,0.57,-0.83,0.21,28/3/2022 9:24,,,,
-10.01,-56.88,-2.99,0.67,-0.65,0.26,28/3/2022 9:24,,,,
4.94,-11.72,2.26,0.65,-0.71,0.38,28/3/2022 9:24,,,,
-29.79,26.49,1.16,0.78,-0.72,0.4,28/3/2022 9:24,,,,
2.75,-28.75,3.17,0.5,-0.5,0.31,28/3/2022 9:24,,,,
19.41,-42.85,23.62,0.47,-0.73,0.18,28/3/2022 9:24,,,,
31.13,25.45,-4.21,0.68,-0.58,0.38,28/3/2022 9:24,,,,
21.91,-20.02,15.32,0.75,-0.56,0.32,28/3/2022 9:24,,,,
31.19,-19.35,27.28,0.71,-0.7,0.24,28/3/2022 9:24,,,,
41.99,6.41,12.02,0.72,-0.81,0.31,28/3/2022 9:24,,,,
20.45,-58.59,6.9,0.78,-0.58,0,28/3/2022 9:24,,,,
50.23,-52.06,8.85,0.54,-0.85,0.23,28/3/2022 9:24,,,,
8.12,-48.89,-2.75,0.68,-0.67,0.19,28/3/2022 9:24,,,,
1.1,-10.8,11.6,0.57,-0.81,0.35,28/3/2022 9:24,,,,
-19.04,28.87,-0.98,0.71,-0.74,0.37,28/3/2022 9:24,,,,
-11.17,-73.06,9.4,0.43,-0.54,0.21,28/3/2022 9:24,,,,
17.7,7.57,6.59,0.71,-0.53,0.41,28/3/2022 9:24,,,,
19.84,-10.56,15.69,0.72,-0.54,0.36,28/3/2022 9:24,,,,
26.25,-1.4,23.62,0.82,-0.67,0.21,28/3/2022 9:24,,,,
56.03,12.51,10.99,0.7,-0.82,0.32,28/3/2022 9:24,,,,
40.95,-76.6,5.43,0.73,-0.69,-0.03,28/3/2022 9:24,,,,
34.12,-62.74,-1.4,0.73,-0.66,0.08,28/3/2022 9:24,,,,
18.13,-57.98,17.76,0.64,-0.71,0.19,28/3/2022 9:24,,,,
11.54,-19.59,17.09,0.73,-0.83,0.46,28/3/2022 9:24,,,,
-4.39,-7.39,11.47,0.77,-0.64,0.37,28/3/2022 9:24,,,,
15.38,-114.44,31.62,0.48,-0.5,0.1,28/3/2022 9:24,,,,
67.38,6.53,36.74,0.45,-0.86,0.35,28/3/2022 9:24,,,,
25.63,-24.54,21.06,0.74,-0.58,0.38,28/3/2022 9:24,,,,
39.79,-35.77,19.41,0.62,-0.66,0.35,28/3/2022 9:24,,,,
24.96,4.82,18.62,0.75,-0.82,0.18,28/3/2022 9:24,,,,
25.88,-22.28,2.69,0.68,-0.64,0.11,28/3/2022 9:24,,,,
37.48,-38.94,0.67,0.62,-0.82,0.08,28/3/2022 9:24,,,,
6.23,-25.57,-11.6,0.69,-0.69,0.2,28/3/2022 9:24,,,,
3.66,-4.27,1.95,0.66,-0.67,0.3,28/3/2022 9:24,,,,
-7.02,29.42,3.78,0.82,-0.86,0.39,28/3/2022 9:24,,,,
-8.67,-70.01,5.25,0.53,-0.56,0.15,28/3/2022 9:24,,,,
19.41,-11.17,14.77,0.31,-0.87,0.25,28/3/2022 9:24,,,,
2.75,15.14,3.91,0.71,-0.53,0.44,28/3/2022 9:24,,,,
9.03,-18.25,13.61,0.67,-0.57,0.35,28/3/2022 9:24,,,,
21.73,22.89,16.24,0.84,-0.8,0.19,28/3/2022 9:24,,,,
-8.79,-67.87,-3.48,0.71,-0.7,0.02,28/3/2022 9:24,,,,
13.85,-15.5,-7.02,0.47,-0.77,0.26,28/3/2022 9:24,,,,
-15.38,-39.73,-4.58,0.56,-0.61,0.33,28/3/2022 9:24,,,,
-1.71,36.5,2.75,0.64,-0.82,0.47,28/3/2022 9:24,,,,
-28.99,20.39,-3.42,0.6,-0.73,0.45,28/3/2022 9:24,,,,
-7.69,-81.3,4.46,0.34,-0.63,0.13,28/3/2022 9:24,,,,
23.8,73.36,1.16,0.38,-0.74,0.44,28/3/2022 9:24,,,,
-12.08,43.27,-1.46,0.73,-0.5,0.49,28/3/2022 9:24,,,,
-2.56,21.79,19.17,0.75,-0.71,0.24,28/3/2022 9:24,,,,
35.03,38.02,-5.13,0.63,-0.97,0.43,28/3/2022 9:24,,,,
-16.54,-42.85,-4.52,0.74,-0.7,0.03,28/3/2022 9:24,,,,
1.22,-14.28,-14.71,0.63,-0.59,0.18,28/3/2022 9:24,,,,
-8.42,-26.12,-0.31,0.65,-0.75,0.32,28/3/2022 9:24,,,,
-28.38,-30.82,-0.24,0.47,-0.65,0.43,28/3/2022 9:24,,,,
-10.74,-33.33,3.54,0.25,-0.59,0.34,28/3/2022 9:24,,,,
23.13,76.11,-7.26,0.53,-0.51,0.54,28/3/2022 9:24,,,,
1.65,22.64,4.58,0.78,-0.42,0.49,28/3/2022 9:24,,,,
46.51,37.9,13.18,0.59,-1.05,0.42,28/3/2022 9:24,,,,
-2.75,-22.28,-4.64,0.81,-0.67,0.24,28/3/2022 9:24,,,,
-4.88,-49.5,-5.07,0.52,-0.67,0.25,28/3/2022 9:24,,,,
-6.16,8.91,-7.87,0.59,-0.71,0.48,28/3/2022 9:24,,,,
-33.87,20.94,-4.09,0.77,-0.93,0.69,28/3/2022 9:24,,,,
-25.94,-52.31,-4.09,0.43,-0.54,0.36,28/3/2022 9:24,,,,
7.51,22.28,-3.97,0.18,-0.64,0.46,28/3/2022 9:24,,,,
7.63,66.83,-19.23,0.57,-0.47,0.66,28/3/2022 9:24,,,,
-6.96,15.87,6.84,0.67,-0.35,0.54,28/3/2022 9:24,,,,
56.7,44.19,30.03,0.65,-1.07,0.51,28/3/2022 9:24,,,,
8.67,14.16,-5.55,0.75,-0.67,0.25,28/3/2022 9:24,,,,
4.94,-22.89,-4.21,0.48,-0.76,0.28,28/3/2022 9:24,,,,
-4.58,-21.97,-11.35,0.66,-0.59,0.34,28/3/2022 9:24,,,,
-20.81,7.87,1.53,0.63,-0.83,0.53,28/3/2022 9:24,,,,
-38.45,36.01,-12.15,0.78,-0.71,0.52,28/3/2022 9:24,,,,
-15.75,-83.68,-3.23,0.33,-0.56,0.24,28/3/2022 9:24,,,,
7.81,54.08,-11.66,0.36,-0.6,0.54,28/3/2022 9:24,,,,
0.98,43.76,-11.47,0.65,-0.39,0.5,28/3/2022 9:24,,,,
20.2,19.47,17.4,0.76,-0.63,0.4,28/3/2022 9:24,,,,
40.71,26.43,2.75,0.6,-0.91,0.45,28/3/2022 9:24,,,,
-1.4,-49.07,4.39,0.63,-0.78,0.17,28/3/2022 9:24,,,,
3.17,-28.2,-6.04,0.58,-0.62,0.24,28/3/2022 9:24,,,,
-16.6,-3.78,-3.36,0.65,-0.78,0.5,28/3/2022 9:24,,,,
-10.68,-31.43,-14.04,0.49,-0.48,0.36,28/3/2022 9:24,,,,
20.57,27.28,-1.1,0.33,-0.74,0.49,28/3/2022 9:24,,,,
-0.12,34.91,-16.05,0.59,-0.54,0.53,28/3/2022 9:24,,,,
16.97,6.41,18.55,0.66,-0.56,0.37,28/3/2022 9:24,,,,
35.58,37.11,2.5,0.59,-0.86,0.36,28/3/2022 9:24,,,,
0.31,-37.11,9.83,0.62,-0.79,0.23,28/3/2022 9:24,,,,
3.05,-23.93,0.12,0.7,-0.63,0.27,28/3/2022 9:24,,,,
-26.18,-50.42,6.1,0.59,-0.68,0.33,28/3/2022 9:24,,,,
-28.32,23.93,-14.95,0.72,-0.71,0.53,28/3/2022 9:24,,,,
-11.41,-68.66,-3.66,0.22,-0.59,0.18,28/3/2022 9:24,,,,
8.18,61.83,-25.02,0.53,-0.6,0.53,28/3/2022 9:24,,,,
-9.64,21.67,-5.74,0.72,-0.39,0.5,28/3/2022 9:24,,,,
9.89,12.21,20.75,0.77,-0.69,0.32,28/3/2022 9:24,,,,
24.78,17.33,-4.39,0.7,-0.7,0.28,28/3/2022 9:24,,,,
11.47,-36.38,6.53,0.55,-0.76,0.29,28/3/2022 9:24,,,,
-21.79,-67.99,7.87,0.58,-0.65,0.38,28/3/2022 9:24,,,,
-19.17,27.28,-1.04,0.62,-0.83,0.6,28/3/2022 9:24,,,,
-28.26,14.22,-15.14,0.51,-0.57,0.58,28/3/2022 9:24,,,,
11.6,12.08,-4.27,0.25,-0.68,0.38,28/3/2022 9:24,,,,
3.11,54.38,-22.28,0.55,-0.55,0.52,28/3/2022 9:24,,,,
-3.97,19.9,1.4,0.69,-0.44,0.56,28/3/2022 9:24,,,,
19.41,18.19,17.46,0.73,-0.8,0.36,28/3/2022 9:24,,,,
21.55,38.64,-0.79,0.65,-0.73,0.29,28/3/2022 9:24,,,,
14.04,-24.96,8.12,0.59,-0.81,0.28,28/3/2022 9:24,,,,
-6.1,-36.5,-4.46,0.7,-0.62,0.3,28/3/2022 9:24,,,,
-15.08,-14.95,-1.28,0.58,-0.67,0.4,28/3/2022 9:24,,,,
-37.66,33.94,-3.42,0.82,-0.86,0.64,28/3/2022 9:24,,,,
-17.46,-74.58,-5.92,0.44,-0.51,0.23,28/3/2022 9:24,,,,
2.5,11.54,-5,0.27,-0.71,0.4,28/3/2022 9:24,,,,
9.16,63.35,-29.54,0.64,-0.46,0.52,28/3/2022 9:24,,,,
3.23,7.08,14.22,0.7,-0.47,0.46,28/3/2022 9:24,,,,
46.81,42.05,7.08,0.62,-0.86,0.44,28/3/2022 9:24,,,,
17.15,-57.25,15.75,0.7,-0.78,0.19,28/3/2022 9:24,,,,
2.44,-54.14,-0.31,0.7,-0.58,0.16,28/3/2022 9:24,,,,
0.98,23.62,2.75,0.77,-0.74,0.46,28/3/2022 9:24,,,,
-15.75,-36.19,-1.95,0.51,-0.58,0.39,28/3/2022 9:24,,,,
-22.28,-88.32,10.8,0.19,-0.56,0.19,28/3/2022 9:24,,,,
34.12,86.55,-11.17,0.48,-0.69,0.53,28/3/2022 9:24,,,,
5.49,34.42,-4.09,0.78,-0.38,0.52,28/3/2022 9:24,,,,
20.32,0.98,35.77,0.76,-0.57,0.27,28/3/2022 9:24,,,,
69.03,32.41,17.4,0.65,-0.96,0.34,28/3/2022 9:24,,,,
32.29,-39,-4.03,0.87,-0.57,0.04,28/3/2022 9:24,,,,
41.38,-71.66,11.78,0.63,-0.83,0.15,28/3/2022 9:24,,,,
6.9,-73.67,2.26,0.7,-0.62,0.18,28/3/2022 9:24,,,,
-1.89,-31.98,5.98,0.72,-0.8,0.35,28/3/2022 9:24,,,,
-40.34,-10.25,2.93,0.73,-0.79,0.5,28/3/2022 9:24,,,,
-7.45,-68.97,18.68,0.46,-0.45,0.3,28/3/2022 9:24,,,,
40.65,30.09,17.82,0.46,-0.64,0.49,28/3/2022 9:24,,,,
41.5,6.59,7.93,0.74,-0.5,0.51,28/3/2022 9:24,,,,
36.62,-36.07,27.16,0.7,-0.51,0.37,28/3/2022 9:24,,,,
44.68,5.68,35.03,0.75,-0.66,0.2,28/3/2022 9:24,,,,
54.81,-20.87,1.1,0.84,-0.63,0.17,28/3/2022 9:24,,,,
54.38,-94.18,18.25,0.67,-0.83,0.12,28/3/2022 9:24,,,,
28.38,-83.86,12.27,0.77,-0.62,0.12,28/3/2022 9:24,,,,
21.06,-60,24.23,0.63,-0.74,0.31,28/3/2022 9:24,,,,
1.46,-7.75,4.21,0.79,-0.67,0.43,28/3/2022 9:24,,,,
27.65,-70.37,43.21,0.54,-0.59,0.26,28/3/2022 9:24,,,,
31.49,-26.79,44.86,0.4,-0.77,0.21,28/3/2022 9:24,,,,
40.47,10.13,24.48,0.78,-0.58,0.48,28/3/2022 9:24,,,,
36.99,-39,26.67,0.65,-0.51,0.35,28/3/2022 9:24,,,,
56.64,1.46,18.19,0.75,-0.75,0.24,28/3/2022 9:24,,,,
50.29,-51.33,7.69,0.71,-0.73,0.02,28/3/2022 9:24,,,,
37.78,-37.96,-6.04,0.73,-0.61,0.1,28/3/2022 9:24,,,,
25.09,-39.79,-1.59,0.75,-0.72,0.18,28/3/2022 9:24,,,,
-1.53,-20.57,-2.5,0.78,-0.98,0.41,28/3/2022 9:24,,,,
-33.14,-39.06,7.93,0.55,-0.53,0.3,28/3/2022 9:24,,,,
-13.24,-77.64,18.13,0.27,-0.61,0.24,28/3/2022 9:24,,,,
31.8,35.28,-0.37,0.59,-0.59,0.56,28/3/2022 9:24,,,,
9.83,-43.46,11.23,0.58,-0.46,0.46,28/3/2022 9:24,,,,
31.74,27.4,28.93,0.52,-0.67,0.34,28/3/2022 9:24,,,,
57.25,82.46,6.29,0.69,-1.06,0.48,28/3/2022 9:24,,,,
4.94,-64.33,-0.18,0.67,-0.72,0.07,28/3/2022 9:24,,,,
20.02,-25.33,-3.36,0.56,-0.72,0.1,28/3/2022 9:24,,,,
-6.9,-1.22,-4.27,0.64,-0.76,0.3,28/3/2022 9:24,,,,
-28.93,15.75,4.09,0.86,-0.89,0.47,28/3/2022 9:24,,,,
-28.93,-60.42,-2.08,0.47,-0.53,0.39,28/3/2022 9:24,,,,
-10.93,-38.21,12.94,0.25,-0.62,0.26,28/3/2022 9:24,,,,
18.25,52.25,-5.98,0.57,-0.52,0.55,28/3/2022 9:24,,,,
-3.78,9.03,8,0.65,-0.45,0.49,28/3/2022 9:24,,,,
24.6,48.4,16.6,0.83,-0.75,0.29,28/3/2022 9:24,,,,
43.58,37.84,-7.93,0.73,-0.8,0.4,28/3/2022 9:24,,,,
6.77,-63.48,2.75,0.63,-0.79,0.15,28/3/2022 9:24,,,,
10.93,-21.79,-8.54,0.61,-0.69,0.16,28/3/2022 9:24,,,,
-18.86,-21.97,-3.85,0.62,-0.78,0.31,28/3/2022 9:24,,,,
-49.5,26.18,0.06,0.74,-0.88,0.55,28/3/2022 9:24,,,,
-35.95,-36.44,-2.2,0.5,-0.48,0.45,28/3/2022 9:24,,,,
-4.82,-29.85,6.23,0.31,-0.53,0.29,28/3/2022 9:24,,,,
20.94,87.1,-2.69,0.56,-0.56,0.57,28/3/2022 9:24,,,,
-5.68,33.02,2.32,0.74,-0.42,0.51,28/3/2022 9:24,,,,
15.32,54.87,12.15,0.86,-0.72,0.29,28/3/2022 9:24,,,,
45.53,40.65,-10.25,0.75,-0.75,0.27,28/3/2022 9:24,,,,
9.64,-34.42,-0.37,0.69,-0.8,0.06,28/3/2022 9:24,,,,
2.75,-19.17,-15.93,0.65,-0.67,0.1,28/3/2022 9:24,,,,
-18.55,-16.66,-4.39,0.7,-0.65,0.23,28/3/2022 9:24,,,,
-27.16,15.08,-3.72,0.88,-0.81,0.48,28/3/2022 9:24,,,,
-42.66,2.99,-1.71,0.71,-0.63,0.46,28/3/2022 9:24,,,,
-16.24,-84.11,-0.31,0.34,-0.55,0.15,28/3/2022 9:24,,,,
13.06,62.99,1.22,0.41,-0.63,0.49,28/3/2022 9:24,,,,
-0.98,27.04,0.31,0.75,-0.45,0.54,28/3/2022 9:24,,,,
6.96,-13.61,23.19,0.6,-0.51,0.4,28/3/2022 9:24,,,,
41.63,52.37,12.02,0.75,-0.93,0.35,28/3/2022 9:24,,,,
4.82,-19.96,-6.04,0.81,-0.72,0.15,28/3/2022 9:24,,,,
-3.42,-45.35,-5.49,0.54,-0.69,0.22,28/3/2022 9:24,,,,
-10.68,-20.57,-10.01,0.48,-0.64,0.28,28/3/2022 9:24,,,,
-20.02,42.48,-15.2,0.78,-0.71,0.5,28/3/2022 9:24,,,,
-52.49,14.77,-3.05,0.81,-0.7,0.53,28/3/2022 9:24,,,,
-10.01,-63.05,-3.36,0.44,-0.51,0.29,28/3/2022 9:24,,,,
5.19,1.16,-2.87,0.27,-0.76,0.42,28/3/2022 9:24,,,,
1.53,58.04,-26.61,0.59,-0.45,0.54,28/3/2022 9:24,,,,
4.94,20.87,8.24,0.72,-0.43,0.49,28/3/2022 9:24,,,,
41.2,27.47,26.43,0.82,-0.93,0.27,28/3/2022 9:24,,,,
27.65,18.37,1.59,0.73,-0.68,0.25,28/3/2022 9:24,,,,
13.37,-54.93,13.24,0.54,-0.85,0.21,28/3/2022 9:24,,,,
-3.17,-33.14,-4.46,0.7,-0.63,0.23,28/3/2022 9:24,,,,
-20.39,-15.75,-2.93,0.61,-0.72,0.38,28/3/2022 9:24,,,,
-46.2,25.94,-5.86,0.8,-0.74,0.53,28/3/2022 9:24,,,,
-11.66,-24.66,-2.93,0.5,-0.56,0.46,28/3/2022 9:24,,,,
2.08,-26.12,-10.44,0.35,-0.62,0.27,28/3/2022 9:24,,,,
12.27,49.19,-15.38,0.56,-0.54,0.51,28/3/2022 9:24,,,,
3.48,26.25,-5.13,0.67,-0.5,0.47,28/3/2022 9:24,,,,
9.89,31.68,13.92,0.82,-0.69,0.28,28/3/2022 9:24,,,,
48.58,46.51,2.2,0.62,-0.85,0.38,28/3/2022 9:24,,,,
4.15,-35.46,5,0.76,-0.7,0.08,28/3/2022 9:24,,,,
9.77,-41.26,-6.59,0.63,-0.68,0.18,28/3/2022 9:24,,,,
-13.61,-45.04,1.28,0.62,-0.67,0.24,28/3/2022 9:24,,,,
-25.94,-17.52,3.78,0.72,-0.85,0.5,28/3/2022 9:24,,,,
-16.24,-35.83,-10.93,0.45,-0.64,0.39,28/3/2022 9:24,,,,
-11.05,-19.35,-1.22,0.28,-0.56,0.39,28/3/2022 9:24,,,,
3.66,29.72,-5.07,0.51,-0.5,0.55,28/3/2022 9:24,,,,
10.44,6.47,2.01,0.62,-0.42,0.46,28/3/2022 9:24,,,,
12.27,17.33,18.37,0.78,-0.64,0.34,28/3/2022 9:24,,,,
58.47,45.96,10.62,0.57,-1.01,0.65,28/3/2022 9:24,,,,
-4.33,-39.55,8.12,0.66,-0.78,0.28,28/3/2022 9:24,,,,
1.83,-34.36,-9.77,0.53,-0.6,0.21,28/3/2022 9:24,,,,
-11.78,-16.48,-6.96,0.55,-0.64,0.4,28/3/2022 9:24,,,,
-15.5,23.99,-1.83,0.69,-0.84,0.63,28/3/2022 9:24,,,,
-27.77,-4.82,-9.09,0.51,-0.73,0.59,28/3/2022 9:24,,,,
-21.36,-70.13,-6.23,0.25,-0.58,0.23,28/3/2022 9:24,,,,
9.4,75.62,-14.77,0.41,-0.63,0.56,28/3/2022 9:24,,,,
-11.6,32.17,-10.31,0.62,-0.46,0.63,28/3/2022 9:24,,,,
0.61,11.78,11.23,0.54,-0.53,0.51,28/3/2022 9:24,,,,
44.25,72.02,10.8,0.65,-0.95,0.55,28/3/2022 9:24,,,,
-6.41,-4.15,-0.79,0.77,-0.61,0.16,28/3/2022 9:24,,,,
11.11,-27.89,-0.43,0.46,-0.78,0.28,28/3/2022 9:24,,,,
1.16,-12.39,-6.1,0.64,-0.66,0.29,28/3/2022 9:24,,,,
-23.13,8.24,3.85,0.71,-0.79,0.47,28/3/2022 9:24,,,,
-57.07,15.81,3.42,0.77,-0.71,0.52,28/3/2022 9:24,,,,
-13.61,-73.43,-0.73,0.44,-0.51,0.34,28/3/2022 9:24,,,,
10.8,-4.94,0.37,0.24,-0.65,0.39,28/3/2022 9:24,,,,
13.31,42.54,-18.25,0.56,-0.51,0.59,28/3/2022 9:24,,,,
5.68,-3.97,3.17,0.69,-0.44,0.52,28/3/2022 9:24,,,,
23.93,23.68,23.38,0.68,-0.78,0.4,28/3/2022 9:24,,,,
42.72,44.8,0.06,0.56,-0.83,0.46,28/3/2022 9:24,,,,
5.68,-47.97,2.14,0.7,-0.74,0.17,28/3/2022 9:24,,,,
16.11,-11.29,-6.77,0.62,-0.68,0.27,28/3/2022 9:24,,,,
-17.64,-29.6,0.79,0.58,-0.59,0.29,28/3/2022 9:24,,,,
-14.47,41.93,6.59,0.76,-0.81,0.54,28/3/2022 9:24,,,,
-36.68,19.41,-4.58,0.76,-0.78,0.45,28/3/2022 9:24,,,,
-22.09,-85.88,-1.34,0.35,-0.59,0.13,28/3/2022 9:24,,,,
7.51,54.2,-9.28,0.38,-0.59,0.5,28/3/2022 9:24,,,,
5.13,43.76,-15.44,0.77,-0.41,0.53,28/3/2022 9:24,,,,
18.07,-7.69,19.41,0.69,-0.54,0.4,28/3/2022 9:24,,,,
53.77,28.69,11.23,0.65,-0.97,0.43,28/3/2022 9:24,,,,
18.37,-26.98,1.53,0.82,-0.58,0.07,28/3/2022 9:24,,,,
35.58,-42.66,9.28,0.46,-0.85,0.2,28/3/2022 9:24,,,,
-3.11,-49.26,-2.38,0.65,-0.61,0.24,28/3/2022 9:24,,,,
-12.02,-11.54,13.92,0.69,-0.77,0.44,28/3/2022 9:24,,,,
-40.53,8.48,7.02,0.87,-0.74,0.49,28/3/2022 9:24,,,,
9.03,-84.11,20.69,0.48,-0.48,0.29,28/3/2022 9:24,,,,
41.14,-7.08,27.83,0.37,-0.74,0.37,28/3/2022 9:24,,,,
35.34,33.81,-4.58,0.71,-0.54,0.47,28/3/2022 9:24,,,,
31.31,-24.05,15.56,0.77,-0.47,0.36,28/3/2022 9:24,,,,
52.43,-20.2,31.37,0.79,-0.71,0.22,28/3/2022 9:24,,,,
79.22,-7.87,14.59,0.6,-0.83,0.27,28/3/2022 9:24,,,,
47.61,-68.73,6.65,0.74,-0.7,-0.03,28/3/2022 9:24,,,,
51.64,-72.94,4.52,0.75,-0.75,0.1,28/3/2022 9:24,,,,
20.32,-86.43,20.87,0.66,-0.75,0.09,28/3/2022 9:24,,,,
10.5,-64.03,18.74,0.64,-0.75,0.34,28/3/2022 9:24,,,,
14.22,-17.33,13.55,0.71,-0.68,0.35,28/3/2022 9:24,,,,
37.48,-96.68,51.94,0.4,-0.76,0.1,28/3/2022 9:24,,,,
49.19,-3.66,37.54,0.54,-0.72,0.33,28/3/2022 9:24,,,,
36.44,-54.02,33.63,0.69,-0.62,0.32,28/3/2022 9:24,,,,
35.58,-27.53,36.38,0.59,-0.61,0.38,28/3/2022 9:24,,,,
55.36,6.71,26.31,0.71,-0.77,0.2,28/3/2022 9:24,,,,
60.36,-54.14,3.85,0.7,-0.85,0.13,28/3/2022 9:24,,,,
32.1,-66.1,0.06,0.61,-0.64,0.03,28/3/2022 9:24,,,,
25.27,-33.08,2.08,0.63,-0.74,0.18,28/3/2022 9:24,,,,
-31.74,-10.19,6.23,0.79,-0.84,0.31,28/3/2022 9:24,,,,
-12.94,-82.28,14.28,0.4,-0.57,0.21,28/3/2022 9:24,,,,
16.78,-2.5,12.94,0.43,-0.7,0.37,28/3/2022 9:24,,,,
12.27,-32.71,12.02,0.66,-0.54,0.47,28/3/2022 9:24,,,,
22.46,-31.68,27.04,0.55,-0.52,0.39,28/3/2022 9:24,,,,
51.51,41.99,-11.54,0.68,-0.84,0.38,28/3/2022 9:24,,,,
23.32,-64.64,9.95,0.48,-0.83,0.18,28/3/2022 9:24,,,,
-2.08,-24.78,-2.01,0.54,-0.76,0.24,28/3/2022 9:24,,,,
-32.29,17.7,7.32,0.69,-0.9,0.48,28/3/2022 9:24,,,,
-31.62,-13.55,-2.5,0.49,-0.65,0.5,28/3/2022 9:24,,,,
-12.51,-66.22,5.62,0.31,-0.58,0.19,28/3/2022 9:24,,,,
24.9,48.28,-1.16,0.42,-0.69,0.53,28/3/2022 9:24,,,,
-10.13,1.65,1.34,0.63,-0.46,0.47,28/3/2022 9:24,,,,
32.96,55.85,19.9,0.71,-0.98,0.28,28/3/2022 9:24,,,,
17.4,27.71,-17.33,0.74,-0.76,0.32,28/3/2022 9:24,,,,
3.6,-32.53,-2.2,0.45,-0.84,0.26,28/3/2022 9:24,,,,
-11.17,-22.95,-13.24,0.56,-0.66,0.23,28/3/2022 9:24,,,,
-16.36,20.63,-4.21,0.7,-0.8,0.46,28/3/2022 9:24,,,,
-34.06,-15.2,-10.86,0.47,-0.62,0.49,28/3/2022 9:24,,,,
-24.48,-86.12,5.31,0.25,-0.61,0.2,28/3/2022 9:24,,,,
7.57,55.05,-8.85,0.61,-0.52,0.6,28/3/2022 9:24,,,,
5.31,13.37,17.58,0.61,-0.53,0.43,28/3/2022 9:24,,,,
59.33,70.31,-2.75,0.59,-1.01,0.5,28/3/2022 9:24,,,,
-9.77,-25.27,0.43,0.69,-0.71,0.13,28/3/2022 9:24,,,,
15.38,-12.7,-5.07,0.57,-0.74,0.18,28/3/2022 9:24,,,,
-12.82,-27.59,-1.4,0.6,-0.74,0.27,28/3/2022 9:24,,,,
-49.13,20.45,3.54,0.67,-0.95,0.54,28/3/2022 9:24,,,,
-28.56,-83.01,-3.72,0.38,-0.56,0.32,28/3/2022 9:24,,,,
16.48,1.77,5.86,0.25,-0.63,0.37,28/3/2022 9:24,,,,
13.37,54.26,-2.2,0.54,-0.57,0.58,28/3/2022 9:24,,,,
-8.61,33.69,4.88,0.67,-0.5,0.49,28/3/2022 9:24,,,,
58.47,42.66,-12.33,0.7,-0.99,0.43,28/3/2022 9:24,,,,
-17.21,-23.74,-4.64,0.75,-0.58,0.01,28/3/2022 9:24,,,,
26.06,-23.5,-0.98,0.46,-0.79,0.2,28/3/2022 9:24,,,,
1.53,-19.71,-12.33,0.66,-0.71,0.22,28/3/2022 9:24,,,,
-21.85,4.88,0.79,0.69,-0.86,0.4,28/3/2022 9:24,,,,
-44.31,20.63,-6.59,0.77,-0.87,0.41,28/3/2022 9:24,,,,
-28.32,-95.46,-0.67,0.32,-0.6,0.15,28/3/2022 9:24,,,,
12.51,44.86,4.82,0.34,-0.67,0.47,28/3/2022 9:24,,,,
5.55,12.39,-2.01,0.62,-0.55,0.58,28/3/2022 9:24,,,,
5.37,-2.75,12.33,0.57,-0.51,0.43,28/3/2022 9:24,,,,
25.57,61.34,13.12,0.71,-0.78,0.3,28/3/2022 9:24,,,,
15.99,16.17,-15.62,0.71,-0.78,0.24,28/3/2022 9:24,,,,
5.37,-37.05,-8,0.5,-0.79,0.19,28/3/2022 9:24,,,,
-3.48,-27.4,-8.85,0.54,-0.67,0.23,28/3/2022 9:24,,,,
-23.32,20.87,1.95,0.68,-0.89,0.46,28/3/2022 9:24,,,,
-31.8,-30.15,-5.19,0.5,-0.59,0.41,28/3/2022 9:24,,,,
-23.32,-84.05,17.15,0.18,-0.65,0.18,28/3/2022 9:24,,,,
26.49,58.78,-8.67,0.42,-0.65,0.51,28/3/2022 9:24,,,,
-12.76,4.82,0.06,0.67,-0.49,0.51,28/3/2022 9:24,,,,
21.3,41.87,17.15,0.69,-0.89,0.33,28/3/2022 9:24,,,,
29.17,54.87,-7.69,0.62,-0.85,0.42,28/3/2022 9:24,,,,
18.13,-11.6,-3.97,0.43,-0.82,0.2,28/3/2022 9:24,,,,
-14.04,-15.99,-10.25,0.63,-0.72,0.33,28/3/2022 9:24,,,,
-61.46,41.63,2.01,0.73,-1.02,0.39,28/3/2022 9:24,,,,
-38.82,-102.29,-11.05,0.35,-0.46,0.16,28/3/2022 9:24,,,,
16.54,45.84,8.06,0.29,-0.7,0.54,28/3/2022 9:24,,,,
2.26,8.79,-4.52,0.62,-0.48,0.56,28/3/2022 9:24,,,,
32.29,25.94,18.13,0.62,-0.81,0.29,28/3/2022 9:24,,,,
39.18,62.44,-19.1,0.72,-0.9,0.34,28/3/2022 9:24,,,,
19.71,-23.93,-1.59,0.48,-0.84,0.19,28/3/2022 9:24,,,,
-13.31,-2.69,4.88,0.61,-0.87,0.33,28/3/2022 9:24,,,,
-55.48,42.11,0.37,0.83,-0.94,0.5,28/3/2022 9:24,,,,
-35.83,-113.46,-2.01,0.29,-0.5,0.13,28/3/2022 9:24,,,,
18.55,52.43,1.16,0.25,-0.72,0.49,28/3/2022 9:24,,,,
-2.14,-0.73,-1.1,0.65,-0.41,0.53,28/3/2022 9:24,,,,
65.49,63.42,-11.41,0.61,-1.03,0.47,28/3/2022 9:24,,,,
2.81,-66.22,3.97,0.59,-0.82,0.15,28/3/2022 9:24,,,,
0.73,-39.37,-4.27,0.49,-0.76,0.19,28/3/2022 9:24,,,,
-20.75,4.7,-9.34,0.66,-0.88,0.48,28/3/2022 9:24,,,,
-59.08,39.67,-9.89,0.7,-0.93,0.54,28/3/2022 9:24,,,,
16.6,53.41,1.65,0.13,-0.8,0.47,28/3/2022 9:24,,,,
6.53,48.22,-14.89,0.55,-0.55,0.6,28/3/2022 9:24,,,,
22.83,38.45,18.43,0.63,-0.7,0.33,28/3/2022 9:24,,,,
37.11,44.43,-0.55,0.6,-0.9,0.43,28/3/2022 9:24,,,,
-1.46,-34.06,3.23,0.69,-0.72,0.06,28/3/2022 9:24,,,,
21.12,-5.25,-7.39,0.57,-0.83,0.25,28/3/2022 9:24,,,,
-41.56,24.96,-3.72,0.73,-0.97,0.54,28/3/2022 9:24,,,,
-10.25,-6.65,-0.92,0.18,-0.64,0.33,28/3/2022 9:24,,,,
27.04,75.38,-21.67,0.53,-0.63,0.55,28/3/2022 9:25,,,,
-1.77,-1.83,-0.12,0.63,-0.52,0.5,28/3/2022 9:25,,,,
16.48,7.08,17.88,0.48,-0.62,0.41,28/3/2022 9:25,,,,
40.04,21.24,-7.26,0.71,-0.77,0.29,28/3/2022 9:25,,,,
24.17,-82.09,22.58,0.52,-0.92,0.1,28/3/2022 9:25,,,,
12.15,-36.68,2.44,0.57,-0.81,0.2,28/3/2022 9:25,,,,
-22.95,-40.04,3.72,0.63,-0.72,0.28,28/3/2022 9:25,,,,
-40.16,-1.89,0.55,0.65,-0.84,0.53,28/3/2022 9:25,,,,
-25.88,-52.73,-9.52,0.44,-0.46,0.32,28/3/2022 9:25,,,,
18.68,13.12,8.79,0.19,-0.72,0.39,28/3/2022 9:25,,,,
41.99,56.09,-10.44,0.59,-0.61,0.52,28/3/2022 9:25,,,,
17.4,14.77,4.33,0.7,-0.56,0.43,28/3/2022 9:25,,,,
37.48,3.17,23.62,0.65,-0.76,0.26,28/3/2022 9:25,,,,
55.97,11.78,13.49,0.66,-0.91,0.24,28/3/2022 9:25,,,,
36.68,-73.97,13.43,0.7,-0.8,-0.01,28/3/2022 9:25,,,,
22.09,-69.27,5.49,0.59,-0.86,0.16,28/3/2022 9:25,,,,
-17.27,-86.24,8.24,0.64,-0.71,0.22,28/3/2022 9:25,,,,
-27.53,-13.06,3.23,0.6,-0.81,0.55,28/3/2022 9:25,,,,
-4.58,-5.62,-3.42,0.54,-0.52,0.42,28/3/2022 9:25,,,,
16.85,-75.13,30.64,0.3,-0.65,0.23,28/3/2022 9:25,,,,
58.96,32.17,25.57,0.48,-0.73,0.5,28/3/2022 9:25,,,,
37.54,-4.58,27.47,0.69,-0.57,0.43,28/3/2022 9:25,,,,
56.27,-43.46,32.78,0.63,-0.66,0.33,28/3/2022 9:25,,,,
43.52,-27.04,37.54,0.65,-0.68,0.23,28/3/2022 9:25,,,,
67.08,-26.25,26,0.58,-0.84,0.15,28/3/2022 9:25,,,,
44.49,-55.24,1.83,0.72,-0.75,0.13,28/3/2022 9:25,,,,
39.43,-96.92,12.57,0.65,-0.86,0.17,28/3/2022 9:25,,,,
26.61,-70.13,1.59,0.65,-0.68,0.23,28/3/2022 9:25,,,,
17.7,-66.59,8.3,0.63,-0.7,0.2,28/3/2022 9:25,,,,
24.78,-13.98,17.7,0.6,-0.97,0.49,28/3/2022 9:25,,,,
1.65,-4.39,7.75,0.69,-0.78,0.31,28/3/2022 9:25,,,,
-0.61,-98.82,39,0.39,-0.66,0.08,28/3/2022 9:25,,,,
35.83,5.31,28.56,0.37,-0.83,0.36,28/3/2022 9:25,,,,
15.01,-28.32,15.93,0.63,-0.6,0.46,28/3/2022 9:25,,,,
16.48,-42.3,24.78,0.55,-0.6,0.43,28/3/2022 9:25,,,,
31.86,-13.37,31.19,0.48,-0.7,0.39,28/3/2022 9:25,,,,
41.87,25.33,7.32,0.58,-0.93,0.33,28/3/2022 9:25,,,,
17.46,-11.11,-0.06,0.69,-0.63,0.11,28/3/2022 9:25,,,,
44.62,-30.27,1.83,0.48,-0.95,0.19,28/3/2022 9:25,,,,
11.17,-18.8,-7.81,0.64,-0.75,0.19,28/3/2022 9:25,,,,
-3.36,-2.2,-0.85,0.61,-0.83,0.29,28/3/2022 9:25,,,,
-27.4,23.99,-0.12,0.74,-0.94,0.41,28/3/2022 9:25,,,,
-34.24,-26.12,11.05,0.43,-0.68,0.39,28/3/2022 9:25,,,,
-23.56,-68.48,8.12,0.33,-0.65,0.14,28/3/2022 9:25,,,,
24.78,44.86,-2.01,0.51,-0.67,0.5,28/3/2022 9:25,,,,
-5.31,-11.23,8.24,0.63,-0.53,0.5,28/3/2022 9:25,,,,
17.76,-14.47,27.22,0.48,-0.59,0.43,28/3/2022 9:25,,,,
51.33,38.7,16.54,0.61,-1,0.35,28/3/2022 9:25,,,,
17.46,-20.81,-4.33,0.72,-0.69,0.22,28/3/2022 9:25,,,,
20.81,-51.7,8.67,0.44,-0.92,0.22,28/3/2022 9:25,,,,
-5.43,-36.01,-6.84,0.6,-0.71,0.21,28/3/2022 9:25,,,,
-13.06,1.71,-3.78,0.56,-0.81,0.41,28/3/2022 9:25,,,,
-37.72,43.09,-1.95,0.67,-0.96,0.51,28/3/2022 9:25,,,,
-30.4,-24.05,-5.43,0.47,-0.59,0.44,28/3/2022 9:25,,,,
-4.15,-41.26,17.33,0.31,-0.57,0.19,28/3/2022 9:25,,,,
27.71,44.19,-2.26,0.43,-0.7,0.51,28/3/2022 9:25,,,,
-1.53,23.56,-2.56,0.6,-0.55,0.52,28/3/2022 9:25,,,,
14.47,15.56,15.62,0.6,-0.63,0.37,28/3/2022 9:25,,,,
49.32,40.53,1.77,0.61,-1.01,0.38,28/3/2022 9:25,,,,
-0.37,-20.57,-9.83,0.74,-0.67,0.14,28/3/2022 9:25,,,,
23.68,-35.16,3.6,0.47,-0.86,0.18,28/3/2022 9:25,,,,
-5.31,-42.05,-7.93,0.62,-0.74,0.25,28/3/2022 9:25,,,,
-13.37,6.47,0.24,0.54,-0.84,0.4,28/3/2022 9:25,,,,
-49.62,32.29,-9.4,0.75,-0.87,0.49,28/3/2022 9:25,,,,
-25.82,-34.73,-0.55,0.4,-0.6,0.32,28/3/2022 9:25,,,,
-1.89,-15.01,6.59,0.16,-0.74,0.33,28/3/2022 9:25,,,,
10.68,55.54,-12.63,0.56,-0.57,0.5,28/3/2022 9:25,,,,
3.11,9.95,8.06,0.66,-0.46,0.48,28/3/2022 9:25,,,,
31.74,30.52,23.01,0.68,-0.78,0.28,28/3/2022 9:25,,,,
48.16,47.79,-2.81,0.61,-0.98,0.38,28/3/2022 9:25,,,,
-0.79,-50.48,0.67,0.66,-0.81,0.07,28/3/2022 9:25,,,,
6.29,-21.06,-7.2,0.53,-0.79,0.21,28/3/2022 9:25,,,,
-28.02,-43.82,-4.7,0.56,-0.69,0.26,28/3/2022 9:25,,,,
-22.09,25.7,-2.62,0.65,-0.83,0.57,28/3/2022 9:25,,,,
-56.46,45.23,-4.46,0.71,-0.79,0.46,28/3/2022 9:25,,,,
-25.45,-79.83,-10.99,0.27,-0.54,0.19,28/3/2022 9:25,,,,
22.28,61.4,-4.64,0.25,-0.75,0.45,28/3/2022 9:25,,,,
8.97,52.25,-17.27,0.71,-0.54,0.59,28/3/2022 9:25,,,,
7.08,-2.38,20.2,0.6,-0.6,0.37,28/3/2022 9:25,,,,
53.22,48.95,5.74,0.55,-1.04,0.42,28/3/2022 9:25,,,,
2.56,-5.37,-8.24,0.76,-0.63,0.12,28/3/2022 9:25,,,,
23.38,-45.72,6.29,0.48,-0.87,0.17,28/3/2022 9:25,,,,
-2.93,-45.65,-4.21,0.63,-0.69,0.24,28/3/2022 9:25,,,,
-16.05,-20.75,7.14,0.57,-0.85,0.38,28/3/2022 9:25,,,,
-53.71,37.66,-6.35,0.72,-0.86,0.49,28/3/2022 9:25,,,,
-25.27,-81.79,-9.7,0.36,-0.56,0.19,28/3/2022 9:25,,,,
8.36,28.75,6.77,0.29,-0.62,0.47,28/3/2022 9:25,,,,
14.65,33.51,-7.87,0.54,-0.57,0.55,28/3/2022 9:25,,,,
16.91,7.2,19.23,0.58,-0.62,0.49,28/3/2022 9:25,,,,
40.22,45.47,7.39,0.59,-0.92,0.44,28/3/2022 9:25,,,,
4.76,-10.93,-2.75,0.71,-0.67,0.16,28/3/2022 9:25,,,,
13.92,-11.35,7.51,0.47,-0.94,0.25,28/3/2022 9:25,,,,
-20.94,-29.79,-15.44,0.65,-0.65,0.29,28/3/2022 9:25,,,,
-17.09,-12.7,-8.48,0.59,-0.72,0.47,28/3/2022 9:25,,,,
-27.59,21,-7.08,0.64,-0.88,0.57,28/3/2022 9:25,,,,
-24.78,-54.38,-18.49,0.42,-0.53,0.34,28/3/2022 9:25,,,,
13.61,1.46,3.42,0.22,-0.71,0.36,28/3/2022 9:25,,,,
16.36,42.72,-17.03,0.47,-0.65,0.55,28/3/2022 9:25,,,,
0.37,16.48,3.23,0.6,-0.52,0.49,28/3/2022 9:25,,,,
32.78,47.55,20.57,0.74,-0.96,0.24,28/3/2022 9:25,,,,
16.78,35.77,-1.04,0.67,-0.79,0.31,28/3/2022 9:25,,,,
1.53,-57.25,16.85,0.45,-0.88,0.19,28/3/2022 9:25,,,,
-20.57,-32.17,-8,0.57,-0.67,0.25,28/3/2022 9:25,,,,
-11.6,28.69,-5.25,0.67,-0.82,0.55,28/3/2022 9:25,,,,
-55.6,52.73,-3.66,0.74,-0.86,0.5,28/3/2022 9:25,,,,
-12.39,-88.93,-16.42,0.38,-0.49,0.16,28/3/2022 9:25,,,,
18.37,25.94,9.89,0.23,-0.76,0.43,28/3/2022 9:25,,,,
14.04,37.41,-19.1,0.56,-0.64,0.49,28/3/2022 9:25,,,,
-0.12,25.7,-0.85,0.65,-0.5,0.46,28/3/2022 9:25,,,,
22.09,35.4,20.14,0.8,-0.93,0.23,28/3/2022 9:25,,,,
36.99,20.32,-0.18,0.62,-0.8,0.34,28/3/2022 9:25,,,,
10.5,-77.82,22.34,0.49,-0.9,0.16,28/3/2022 9:25,,,,
3.48,-42.48,-1.59,0.55,-0.76,0.19,28/3/2022 9:25,,,,
-16.17,-28.26,-2.81,0.5,-0.79,0.35,28/3/2022 9:25,,,,
-29.72,14.16,-4.15,0.65,-0.85,0.58,28/3/2022 9:25,,,,
-33.39,10.56,-11.17,0.46,-0.65,0.57,28/3/2022 9:25,,,,
-5.68,-73.3,-4.09,0.25,-0.55,0.2,28/3/2022 9:25,,,,
22.4,27.22,-7.51,0.28,-0.75,0.51,28/3/2022 9:25,,,,
12.15,28.75,-9.52,0.52,-0.6,0.53,28/3/2022 9:25,,,,
10.86,17.15,12.88,0.5,-0.65,0.47,28/3/2022 9:25,,,,
38.09,55.11,8.48,0.55,-1.03,0.41,28/3/2022 9:25,,,,
-2.2,2.26,-2.14,0.73,-0.69,0.23,28/3/2022 9:25,,,,
10.62,-43.09,15.62,0.43,-0.92,0.27,28/3/2022 9:25,,,,
-16.24,-52.43,-6.96,0.53,-0.75,0.3,28/3/2022 9:25,,,,
-17.09,-3.05,-4.15,0.55,-0.73,0.44,28/3/2022 9:25,,,,
-43.15,49.62,-10.25,0.65,-0.86,0.57,28/3/2022 9:25,,,,
-23.13,-51.27,-8.85,0.38,-0.55,0.38,28/3/2022 9:25,,,,
14.89,-8.3,0.73,0.11,-0.78,0.35,28/3/2022 9:25,,,,
10.56,41.44,-17.88,0.43,-0.7,0.57,28/3/2022 9:25,,,,
-5.86,19.23,-6.77,0.54,-0.53,0.53,28/3/2022 9:25,,,,
12.27,31.25,10.62,0.61,-0.74,0.37,28/3/2022 9:25,,,,
36.74,35.83,1.89,0.51,-0.88,0.39,28/3/2022 9:25,,,,
7.14,-31.37,14.59,0.58,-0.87,0.2,28/3/2022 9:25,,,,
6.41,-37.84,-0.06,0.5,-0.82,0.28,28/3/2022 9:25,,,,
-27.34,-55.24,0.61,0.52,-0.68,0.29,28/3/2022 9:25,,,,
-13.43,15.5,-4.09,0.54,-0.83,0.6,28/3/2022 9:25,,,,
-41.32,49.68,-13.98,0.71,-0.83,0.55,28/3/2022 9:25,,,,
-7.45,-68.6,-6.35,0.33,-0.55,0.22,28/3/2022 9:25,,,,
13.67,-0.06,4.03,0.2,-0.79,0.42,28/3/2022 9:25,,,,
16.11,31.43,-16.72,0.45,-0.68,0.53,28/3/2022 9:25,,,,
6.16,19.1,4.46,0.6,-0.52,0.49,28/3/2022 9:25,,,,
26.67,29.97,25.02,0.71,-0.91,0.26,28/3/2022 9:25,,,,
42.97,18.01,7.08,0.66,-0.77,0.33,28/3/2022 9:25,,,,
20.14,-94.3,31.49,0.55,-0.93,0.16,28/3/2022 9:25,,,,
5.98,-58.41,7.45,0.48,-0.83,0.3,28/3/2022 9:25,,,,
-20.75,-45.84,4.33,0.57,-0.66,0.37,28/3/2022 9:25,,,,
-11.96,3.36,3.17,0.56,-0.79,0.68,28/3/2022 9:25,,,,
-27.22,37.78,-13.85,0.62,-0.74,0.49,28/3/2022 9:25,,,,
5,-74.77,7.93,0.31,-0.57,0.24,28/3/2022 9:25,,,,
33.39,27.89,14.1,0.21,-0.87,0.45,28/3/2022 9:25,,,,
23.74,40.16,-3.78,0.59,-0.6,0.48,28/3/2022 9:25,,,,
21.55,-7.02,16.85,0.63,-0.63,0.41,28/3/2022 9:25,,,,
18.92,-2.87,33.39,0.6,-0.72,0.35,28/3/2022 9:25,,,,
41.63,-5.74,20.14,0.63,-0.84,0.29,28/3/2022 9:25,,,,
0.67,-49.26,7.93,0.73,-0.7,0.2,28/3/2022 9:25,,,,
38.7,-70.8,14.04,0.55,-0.85,0.22,28/3/2022 9:25,,,,
14.59,-58.59,-1.77,0.61,-0.72,0.27,28/3/2022 9:25,,,,
3.66,-42.3,3.48,0.61,-0.67,0.32,28/3/2022 9:25,,,,
5.8,-15.01,8.97,0.58,-0.84,0.53,28/3/2022 9:25,,,,
11.6,-4.94,2.08,0.63,-0.73,0.46,28/3/2022 9:25,,,,
4.7,-112.18,38.09,0.35,-0.75,0.23,28/3/2022 9:25,,,,
27.71,-30.88,36.93,0.27,-0.81,0.41,28/3/2022 9:25,,,,
20.2,-30.94,30.33,0.46,-0.6,0.6,28/3/2022 9:25,,,,
26.98,-56.95,35.34,0.53,-0.5,0.61,28/3/2022 9:25,,,,
46.81,-78.49,54.99,0.5,-0.53,0.55,28/3/2022 9:25,,,,
83.07,-54.14,54.38,0.52,-0.79,0.28,28/3/2022 9:25,,,,
