gx,gy,gz,acx,acy,acz,time
5.25,-4.76,-5.68,0.09,-0.93,0.38,2022-03-28 9:30:56
6.65,-14.53,-9.77,0.09,-0.9,0.38,2022-03-28 9:30:56
1.4,2.08,-12.94,0.09,-0.92,0.38,2022-03-28 9:30:57
-7.26,23.44,-1.65,0.07,-0.92,0.37,2022-03-28 9:30:57
-4.76,20.94,9.46,0.07,-0.96,0.37,2022-03-28 9:30:57
-8.54,32.9,14.53,0.01,-0.92,0.51,2022-03-28 9:30:57
14.77,-36.99,-4.7,0.02,-0.76,0.31,2022-03-28 9:30:57
33.94,-4.15,-28.87,0.05,-0.88,0.44,2022-03-28 9:30:57
29.36,-13.24,-15.56,0.08,-1.03,0.47,2022-03-28 9:30:57
-3.42,-12.33,1.46,0.09,-1.02,0.43,2022-03-28 9:30:57
-32.17,19.29,56.4,0.1,-0.93,0.32,2022-03-28 9:30:57
-45.59,-7.93,51.64,0.1,-1.08,0.24,2022-03-28 9:30:58
-26.25,2.01,33.87,0.07,-0.87,0.18,2022-03-28 9:30:58
13.79,-6.35,-5.92,0.12,-0.92,0.25,2022-03-28 9:30:58
29.11,-12.82,-65.67,0.06,-1.07,0.4,2022-03-28 9:30:58
13.98,-4.76,-33.94,-0.03,-0.63,0.45,2022-03-28 9:30:58
-0.18,37.66,-41.56,0.09,-1.05,0.35,2022-03-28 9:30:58
1.89,110.78,37.6,0.04,-0.74,0.25,2022-03-28 9:30:58
37.29,13.31,-14.59,0.05,-0.84,0.45,2022-03-28 9:30:58
24.84,-41.5,-40.71,0.06,-1.47,0.61,2022-03-28 9:30:59
-33.33,45.41,39.06,0.01,-0.88,0.33,2022-03-28 9:30:59
-59.2,25.63,9.77,0.13,-1.01,0.25,2022-03-28 9:30:59
-31.01,54.69,37.72,0.07,-0.9,0.2,2022-03-28 9:30:59
8.48,32.17,-36.93,0.09,-0.86,0.32,2022-03-28 9:30:59
41.99,-48.83,-92.71,0.06,-1.27,0.66,2022-03-28 9:30:59
1.46,67.44,-36.93,-0.05,-1.08,0.34,2022-03-28 9:30:59
-24.23,139.89,-4.27,0.05,-0.75,0.33,2022-03-28 9:30:59
10.01,42.97,-0.24,0.08,-0.67,0.36,2022-03-28 9:31:00
33.69,-60.49,-58.53,0.08,-1.16,0.63,2022-03-28 9:31:00
-12.02,53.71,18.19,-0.07,-1.08,0.52,2022-03-28 9:31:00
-47.67,89.6,62.5,0.1,-0.78,0.32,2022-03-28 9:31:00
-27.83,-6.41,-6.59,0.16,-0.98,0.28,2022-03-28 9:31:00
8.61,-19.29,4.03,0.05,-0.83,0.3,2022-03-28 9:31:00
35.89,-37.05,-30.46,0.14,-0.89,0.45,2022-03-28 9:31:00
26.18,-154.3,-40.16,-0.15,-1.28,0.56,2022-03-28 9:31:00
-22.58,27.28,24.17,-0.09,-0.48,0.4,2022-03-28 9:31:00
-31.43,8.24,-2.87,0.12,-0.92,0.33,2022-03-28 9:31:01
-3.91,-6.29,-5.92,0.03,-0.82,0.28,2022-03-28 9:31:01
18.07,-93.57,39.06,0.05,-0.81,0.39,2022-03-28 9:31:01
24.48,-78.12,25.15,0.05,-0.89,0.49,2022-03-28 9:31:01
-14.04,-123.41,15.99,0.06,-1.25,0.48,2022-03-28 9:31:01
-54.02,-54.38,35.4,0.05,-0.98,0.27,2022-03-28 9:31:01
-53.28,-55.36,6.23,0.2,-1.01,0.2,2022-03-28 9:31:01
-40.77,-65.73,22.58,0.15,-1.08,0.2,2022-03-28 9:31:01
-22.58,-2.62,67.44,0.02,-0.94,0.17,2022-03-28 9:31:02
22.52,20.2,88.2,0.16,-0.89,0.37,2022-03-28 9:31:02
40.53,-202.21,76.11,-0.32,-0.75,0.7,2022-03-28 9:31:02
14.16,-6.53,-20.87,-0.18,-0.92,0.36,2022-03-28 9:31:02
-4.94,-14.83,-25.21,-0.09,-0.82,0.35,2022-03-28 9:31:02
15.14,28.2,1.95,0.02,-0.79,0.33,2022-03-28 9:31:02
41.56,12.21,-1.59,0.08,-0.83,0.48,2022-03-28 9:31:02
29.11,-14.59,8.06,-0.02,-1.07,0.52,2022-03-28 9:31:02
-3.05,35.22,8.91,0.09,-0.92,0.44,2022-03-28 9:31:02
-12.21,10.31,52.86,0.08,-1,0.35,2022-03-28 9:31:03
-35.64,-1.83,30.94,0.03,-1.06,0.29,2022-03-28 9:31:03
-28.87,56.58,41.2,0.05,-0.89,0.26,2022-03-28 9:31:03
-16.48,28.93,-22.64,0.07,-0.9,0.29,2022-03-28 9:31:03
19.84,30.46,-107.12,0.1,-1.3,0.37,2022-03-28 9:31:03
19.35,-23.56,-76.48,0,-0.8,0.39,2022-03-28 9:31:03
-16.72,96.01,-6.04,-0.08,-0.87,0.32,2022-03-28 9:31:03
-11.54,132.63,3.36,0.1,-0.76,0.29,2022-03-28 9:31:03
26.73,55.36,-41.08,0.07,-0.79,0.4,2022-03-28 9:31:03
31.86,14.83,-64.15,0,-0.91,0.46,2022-03-28 9:31:04
2.87,114.32,-32.17,0.09,-1.19,0.45,2022-03-28 9:31:04
-21.61,88.2,42.85,0.09,-0.98,0.35,2022-03-28 9:31:04
-28.32,43.7,32.96,0.03,-0.93,0.36,2022-03-28 9:31:04
-13.61,22.52,9.09,0.06,-0.81,0.31,2022-03-28 9:31:04
40.04,-42.79,-67.02,0.21,-0.98,0.4,2022-03-28 9:31:04
18.43,-139.59,-46.57,-0.17,-1.26,0.56,2022-03-28 9:31:04
-34.3,81.73,31.62,-0.05,-0.76,0.3,2022-03-28 9:31:04
-66.77,99.12,36.62,-0.02,-0.86,0.29,2022-03-28 9:31:04
-7.63,79.1,25.21,0.05,-0.68,0.35,2022-03-28 9:31:05
64.51,-37.17,-73.73,0.05,-0.77,0.47,2022-03-28 9:31:05
71.84,-151.55,-108.76,0.27,-1.62,0.8,2022-03-28 9:31:05
-18.13,-35.71,-8.18,-0.19,-0.69,0.35,2022-03-28 9:31:05
-68.36,45.9,-2.56,0.31,-1.11,0.33,2022-03-28 9:31:05
-59.2,-27.59,27.95,0.11,-0.99,0.21,2022-03-28 9:31:05
-32.9,-49.38,68.97,0.19,-1.04,0.18,2022-03-28 9:31:05
-13,-28.93,79.16,0.05,-0.98,0.21,2022-03-28 9:31:05
35.83,-24.78,79.47,0.13,-0.82,0.4,2022-03-28 9:31:06
35.4,-138.37,83.86,-0.23,-0.95,0.4,2022-03-28 9:31:06
25.7,-27.65,-13.37,-0.11,-0.92,0.43,2022-03-28 9:31:06
23.38,-32.17,-31.98,0.04,-0.87,0.35,2022-03-28 9:31:06
33.94,-21.24,-41.87,0.15,-0.88,0.43,2022-03-28 9:31:06
12.45,-58.53,-2.69,0.03,-1.33,0.52,2022-03-28 9:31:06
-20.63,12.21,48.16,0.09,-0.76,0.31,2022-03-28 9:31:06
-21.48,-62.32,29.79,0.19,-1.12,0.27,2022-03-28 9:31:06
-31.86,-48.65,17.58,0.01,-0.95,0.19,2022-03-28 9:31:06
-16.78,20.32,38.7,0.09,-0.99,0.16,2022-03-28 9:31:07
10.38,10.25,14.04,0.05,-1.04,0.24,2022-03-28 9:31:07
42.97,-15.2,-11.05,-0.07,-0.67,0.53,2022-03-28 9:31:07
-1.53,-7.93,-27.22,-0.36,-0.99,0.42,2022-03-28 9:31:07
-11.17,83.01,-40.71,0.1,-0.83,0.25,2022-03-28 9:31:07
15.2,35.71,-38.76,0.1,-0.84,0.34,2022-03-28 9:31:07
21.97,34.55,-8.91,0.02,-1.05,0.46,2022-03-28 9:31:07
-13.18,63.78,25.39,-0.07,-0.99,0.48,2022-03-28 9:31:07
-43.95,91.98,60.36,-0.05,-0.94,0.33,2022-03-28 9:31:07
-41.44,56.95,-0.61,0.13,-1.06,0.34,2022-03-28 9:31:08
-19.96,34.73,-9.16,0.05,-0.74,0.33,2022-03-28 9:31:08
5.8,11.78,-63.48,0.11,-0.86,0.41,2022-03-28 9:31:08
18.55,-10.07,-111.21,0.21,-1.1,0.54,2022-03-28 9:31:08
10.5,24.05,-36.68,-0.04,-0.9,0.49,2022-03-28 9:31:08
-1.53,93.38,30.33,0.09,-0.8,0.29,2022-03-28 9:31:08
-10.25,34.42,24.78,-0.05,-0.75,0.32,2022-03-28 9:31:08
31.07,3.48,7.14,0.06,-0.78,0.43,2022-03-28 9:31:08
36.99,-38.45,-34.67,-0.02,-0.95,0.55,2022-03-28 9:31:09
3.05,-15.01,-29.05,0.07,-1.25,0.56,2022-03-28 9:31:09
-33.2,2.01,31.74,0.04,-0.74,0.32,2022-03-28 9:31:09
-39.67,-29.91,17.4,0.23,-1.09,0.25,2022-03-28 9:31:09
-44.62,1.1,31.92,-0.03,-0.88,0.2,2022-03-28 9:31:09
-5,81.85,49.93,0.16,-1,0.24,2022-03-28 9:31:09
28.63,-29.05,-7.87,0.08,-1.03,0.41,2022-03-28 9:31:09
31.31,-110.41,-13.49,-0.11,-0.58,0.56,2022-03-28 9:31:09
-6.1,-4.15,-20.39,-0.12,-0.94,0.44,2022-03-28 9:31:09
-8.61,109.68,-25.94,0.11,-0.76,0.29,2022-03-28 9:31:10
21.61,-1.59,-19.1,0.14,-0.81,0.4,2022-03-28 9:31:10
29.42,-49.38,-9.09,0.08,-1.28,0.56,2022-03-28 9:31:10
-4.33,6.29,29.72,0.03,-0.77,0.43,2022-03-28 9:31:10
-22.46,-19.9,32.1,0.16,-1.05,0.33,2022-03-28 9:31:10
-36.07,-71.59,2.2,0.09,-0.98,0.23,2022-03-28 9:31:10
-17.4,8.12,34.61,0.1,-0.86,0.19,2022-03-28 9:31:10
22.28,-66.35,4.03,0.2,-0.95,0.3,2022-03-28 9:31:10
40.89,-132.51,24.29,-0.01,-1.16,0.64,2022-03-28 9:31:10
-0.31,-90.58,82.21,-0.04,-0.7,0.4,2022-03-28 9:31:11
-13.92,-104.13,-7.08,0.04,-1.03,0.4,2022-03-28 9:31:11
-19.78,-67.26,2.5,0.12,-0.9,0.28,2022-03-28 9:31:11
-1.65,-124.21,32.04,0.16,-0.97,0.28,2022-03-28 9:31:11
-6.04,-90.88,64.45,0.06,-0.95,0.28,2022-03-28 9:31:11
-5.25,-82.21,87.59,0.07,-0.99,0.27,2022-03-28 9:31:11
-0.79,-67.08,78.19,0.07,-0.92,0.24,2022-03-28 9:31:11
18.92,-63.66,28.5,0.1,-0.83,0.2,2022-03-28 9:31:11
36.62,-108.95,-33.02,0.21,-1,0.23,2022-03-28 9:31:12
-8.18,-168.76,-42.66,0.09,-1.14,0.27,2022-03-28 9:31:12
-40.16,51.64,48.1,0.16,-1.02,0.25,2022-03-28 9:31:12
-33.14,-25.02,79.53,0.09,-1.11,0.21,2022-03-28 9:31:12
14.95,17.58,114.5,0.07,-0.84,0.26,2022-03-28 9:31:12
25.39,-127.56,76.78,-0.11,-0.88,0.48,2022-03-28 9:31:12
43.03,-40.41,-23.86,-0.15,-0.84,0.57,2022-03-28 9:31:12
33.39,-29.66,-83.31,-0.07,-0.94,0.48,2022-03-28 9:31:12
23.99,19.84,-69.27,0.08,-0.9,0.41,2022-03-28 9:31:12
18.74,11.29,-14.77,0.05,-0.84,0.4,2022-03-28 9:31:13
19.1,44.25,30.94,0.06,-1.06,0.45,2022-03-28 9:31:13
2.56,-14.34,46.75,0.04,-0.98,0.44,2022-03-28 9:31:13
-14.71,-22.52,43.09,0.05,-0.92,0.35,2022-03-28 9:31:13
-14.22,-20.63,9.28,0.1,-0.98,0.3,2022-03-28 9:31:13
-11.23,-28.08,-35.89,0.08,-0.92,0.25,2022-03-28 9:31:13
12.15,-8,-7.69,0.13,-1.01,0.29,2022-03-28 9:31:13
5,-33.75,-1.1,0.01,-1.21,0.36,2022-03-28 9:31:13
-10.19,-0.43,42.05,-0.03,-0.73,0.37,2022-03-28 9:31:13
-36.01,0.43,39.31,-0.14,-0.91,0.33,2022-03-28 9:31:14
-11.66,113.28,-22.83,-0.06,-0.78,0.24,2022-03-28 9:31:14
26.73,-19.71,-66.65,0.05,-0.82,0.29,2022-03-28 9:31:14
51.39,-55.48,-70.43,0.04,-1.03,0.42,2022-03-28 9:31:14
16.97,34.42,-29.11,0.06,-1.06,0.49,2022-03-28 9:31:14
-22.71,18.07,65.86,0.1,-1,0.39,2022-03-28 9:31:14
-58.9,-1.77,82.76,0.02,-1,0.28,2022-03-28 9:31:14
-36.99,10.68,69.89,0.09,-0.85,0.22,2022-03-28 9:31:14
2.44,-1.65,-3.97,0.07,-0.9,0.29,2022-03-28 9:31:15
36.62,-78,-45.29,0.07,-1.25,0.52,2022-03-28 9:31:15
13.37,-33.75,-29.72,-0.17,-0.55,0.39,2022-03-28 9:31:15
-5.98,70.37,-50.84,0.14,-1,0.37,2022-03-28 9:31:15
-4.88,57.37,-10.86,-0.01,-0.78,0.31,2022-03-28 9:31:15
12.33,21.42,32.84,0.06,-0.81,0.43,2022-03-28 9:31:15
29.3,-9.95,-0.12,0.02,-0.9,0.55,2022-03-28 9:31:15
33.69,-35.64,-22.52,0.07,-1.18,0.57,2022-03-28 9:31:15
-14.28,-63.96,-18.25,-0.03,-0.9,0.37,2022-03-28 9:31:15
-48.89,39.79,38.94,0.04,-1.02,0.28,2022-03-28 9:31:16
-51.15,8.97,23.07,0.19,-1.07,0.19,2022-03-28 9:31:16
-20.45,-28.32,56.82,0.05,-0.95,0.18,2022-03-28 9:31:16
24.54,-17.15,71.35,0.1,-0.86,0.26,2022-03-28 9:31:16
45.41,-48.22,-0.06,0.05,-0.86,0.42,2022-03-28 9:31:16
52.37,-62.26,-55.66,-0.08,-1,0.63,2022-03-28 9:31:16
-6.53,10.01,-50.78,-0.1,-0.93,0.51,2022-03-28 9:31:16
-33.51,97.47,-20.81,0.02,-0.88,0.34,2022-03-28 9:31:16
-13.67,48.65,12.08,0,-0.7,0.33,2022-03-28 9:31:16
25.02,16.3,-4.03,-0.1,-0.71,0.38,2022-03-28 9:31:17
45.72,-41.56,-37.72,0,-0.83,0.48,2022-03-28 9:31:17
10.13,-11.9,-58.35,0.02,-0.99,0.54,2022-03-28 9:31:17
-15.08,54.99,80.57,0.01,-0.98,0.46,2022-03-28 9:31:17
-9.77,-36.01,18.31,0.24,-0.97,0.34,2022-03-28 9:31:17
-32.9,-103.03,7.87,-0.12,-0.97,0.23,2022-03-28 9:31:17
-22.03,88.93,23.13,0.05,-1.27,0.22,2022-03-28 9:31:17
0.31,-36.99,23.32,-0.12,-0.63,0.34,2022-03-28 9:31:17
5.92,17.33,-44.13,-0.08,-0.96,0.45,2022-03-28 9:31:18
-24.72,176.21,-20.02,0.4,-0.79,0.5,2022-03-28 9:31:18
11.29,-158.2,-50.54,0.07,-0.68,0.32,2022-03-28 9:31:18
37.23,-41.38,-29.24,-0.13,-0.94,0.5,2022-03-28 9:31:18
0.18,17.88,25.33,0,-0.98,0.44,2022-03-28 9:31:18
-15.81,59.2,41.99,0.07,-1.05,0.33,2022-03-28 9:31:18
-21.42,27.34,32.41,0.02,-1,0.3,2022-03-28 9:31:18
0,-2.38,33.26,0.04,-0.87,0.37,2022-03-28 9:31:18
18.01,-7.75,-44.13,0.02,-0.93,0.4,2022-03-28 9:31:18
20.63,-26.43,-78.19,0.1,-0.99,0.48,2022-03-28 9:31:19
4.64,-29.85,-43.88,0.07,-0.93,0.46,2022-03-28 9:31:19
-10.74,25.15,-0.31,0.14,-0.94,0.36,2022-03-28 9:31:19
-10.68,1.28,0.37,0.15,-0.99,0.3,2022-03-28 9:31:19
-3.91,56.95,100.65,0.01,-0.97,0.31,2022-03-28 9:31:19
-8.12,23.01,56.76,-0.04,-1.23,0.45,2022-03-28 9:31:19
32.9,-41.02,-24.6,-0.02,-0.61,0.41,2022-03-28 9:31:19
14.47,-67.63,-64.88,-0.13,-1.06,0.5,2022-03-28 9:31:19
7.32,70.13,-0.98,0.08,-0.86,0.33,2022-03-28 9:31:19
10.8,3.72,-9.58,0.05,-0.85,0.44,2022-03-28 9:31:20
21.24,-30.76,-8.91,0.04,-0.86,0.55,2022-03-28 9:31:20
10.86,-36.74,-17.15,0,-1.22,0.57,2022-03-28 9:31:20
-36.99,4.15,44.92,-0.02,-0.98,0.36,2022-03-28 9:31:20
-44.86,16.6,56.15,0.09,-0.92,0.26,2022-03-28 9:31:20
-27.04,-63.72,24.54,0.11,-0.98,0.2,2022-03-28 9:31:20
-6.59,-17.27,13.24,0.01,-0.89,0.19,2022-03-28 9:31:20
33.26,-0.37,29.54,0.09,-0.89,0.31,2022-03-28 9:31:20
29.24,-42.79,-7.63,-0.03,-1.06,0.44,2022-03-28 9:31:20
20.08,-19.59,-22.64,-0.14,-0.89,0.58,2022-03-28 9:31:21
-13.55,34.06,-38.15,-0.04,-0.87,0.4,2022-03-28 9:31:21
-6.71,58.35,-29.24,-0.11,-0.87,0.41,2022-03-28 9:31:21
4.39,35.83,-48.28,-0.09,-0.71,0.33,2022-03-28 9:31:21
29.54,9.7,-48.28,-0.03,-0.84,0.42,2022-03-28 9:31:21
33.33,-26.61,-8,-0.01,-0.83,0.53,2022-03-28 9:31:21
33.2,7.2,9.83,0.11,-1.32,0.69,2022-03-28 9:31:21
-37.78,-15.26,63.72,-0.16,-1.23,0.51,2022-03-28 9:31:21
-56.88,86.24,123.84,0.01,-0.92,0.31,2022-03-28 9:31:22
-31.01,-48.4,20.14,0.16,-1.02,0.18,2022-03-28 9:31:22
-16.66,-45.29,0.49,-0.08,-0.89,0.15,2022-03-28 9:31:22
37.9,47.49,-2.44,0.14,-0.93,0.24,2022-03-28 9:31:22
56.27,-74.65,-46.08,0.13,-0.95,0.46,2022-03-28 9:31:22
42.05,-49.07,-58.04,-0.18,-1,0.61,2022-03-28 9:31:22
-4.64,15.5,-46.81,-0.08,-1,0.79,2022-03-28 9:31:22
-106.2,49.56,-42.42,-0.36,-1.08,0.81,2022-03-28 9:31:22
-130.86,59.14,-24.78,-0.08,-0.96,0.62,2022-03-28 9:31:22
-101.93,41.99,19.84,-0.08,-0.67,0.38,2022-03-28 9:31:23
-28.14,47.3,40.77,-0.08,-0.49,0.37,2022-03-28 9:31:23
36.99,0.24,-0.67,-0.17,-0.34,0.42,2022-03-28 9:31:23
136.17,22.83,-67.63,0.04,-0.47,0.49,2022-03-28 9:31:23
193.66,-94.73,-96.13,0.09,-1.32,0.81,2022-03-28 9:31:23
74.89,-107.3,89.42,-0.39,-1.21,0.92,2022-03-28 9:31:23
-66.89,43.46,33.02,-0.06,-1.01,0.72,2022-03-28 9:31:23
-103.21,104,44.37,-0.05,-1,0.3,2022-03-28 9:31:23
-85.14,172.12,38.64,0.14,-0.96,0.14,2022-03-28 9:31:23
-37.11,116.82,-16.05,0.19,-0.89,0.02,2022-03-28 9:31:24
84.59,-203.43,-88.07,0.21,-1.26,0.28,2022-03-28 9:31:24
77.51,-64.39,-12.02,0.02,-1.2,0.48,2022-03-28 9:31:24
23.62,64.88,12.7,0.08,-0.82,0.59,2022-03-28 9:31:24
-49.56,-81.91,-28.75,0.02,-1.01,0.51,2022-03-28 9:31:24
-83.74,8,2.69,0.08,-1.06,0.4,2022-03-28 9:31:24
-91.61,-7.57,27.04,0.16,-1.08,0.28,2022-03-28 9:31:24
-65.73,-27.83,30.33,0.12,-0.85,0.19,2022-03-28 9:31:24
0.67,26.18,53.16,0.22,-0.72,0.37,2022-03-28 9:31:25
18.43,-95.09,71.35,0.2,-0.82,0.5,2022-03-28 9:31:25
20.81,-18.49,46.63,0.04,-0.79,0.62,2022-03-28 9:31:25
53.34,-58.72,-21.48,0.08,-1.15,0.59,2022-03-28 9:31:25
13.49,0.06,-18.8,-0.53,-1.02,0.32,2022-03-28 9:31:25
-6.9,156.31,-52.92,-0.14,-1.01,0.38,2022-03-28 9:31:25
-14.28,-70.68,-131.41,-0.23,-0.81,0.42,2022-03-28 9:31:25
11.6,12.88,-148.25,-0.42,-0.81,0.5,2022-03-28 9:31:25
-8.48,57.01,-79.16,-0.05,-0.57,0.59,2022-03-28 9:31:26
-2.44,9.7,11.96,-0.1,-0.51,0.58,2022-03-28 9:31:26
-3.23,-19.04,72.2,-0.23,-0.81,0.52,2022-03-28 9:31:26
-5.25,66.35,139.4,-0.49,-0.91,0.57,2022-03-28 9:31:26
21.79,13.98,81.6,-0.18,-0.88,0.43,2022-03-28 9:31:26
50.29,-41.5,20.94,-0.11,-0.92,0.34,2022-03-28 9:31:26
59.2,-7.57,-10.68,0.05,-1.01,0.31,2022-03-28 9:31:26
36.87,-34.3,-13.92,-0.05,-1.13,0.34,2022-03-28 9:31:26
21.24,49.87,8.3,-0.04,-1.01,0.44,2022-03-28 9:31:26
-23.5,19.1,-29.6,-0.1,-1.08,0.43,2022-03-28 9:31:27
-36.5,81.73,-28.75,-0.07,-1.15,0.29,2022-03-28 9:31:27
-20.69,13.67,-21.12,-0.01,-0.71,0.19,2022-03-28 9:31:27
-1.04,21.36,-25.82,-0.15,-0.75,0.3,2022-03-28 9:31:27
16.78,-16.6,-7.39,-0.31,-0.88,0.46,2022-03-28 9:31:27
9.03,-9.89,-29.72,-0.23,-0.73,0.41,2022-03-28 9:31:27
24.6,18.13,-19.78,-0.11,-0.97,0.38,2022-03-28 9:31:27
3.23,25.27,23.99,-0.13,-0.85,0.33,2022-03-28 9:31:27
-1.77,100.95,53.41,-0.15,-0.78,0.28,2022-03-28 9:31:27
-2.2,12.88,4.21,0.04,-1,0.34,2022-03-28 9:31:28
-20.02,-28.02,-4.7,-0.16,-1.15,0.42,2022-03-28 9:31:28
-52.25,50.11,22.58,-0.07,-0.99,0.5,2022-03-28 9:31:28
-75.68,13.98,-16.54,-0.06,-0.88,0.38,2022-03-28 9:31:28
-67.32,52.8,-88.2,0.04,-0.85,0.24,2022-03-28 9:31:28
28.87,54.2,-122.56,0.12,-0.93,0.3,2022-03-28 9:31:28
152.71,-116.33,-97.11,0.5,-1.03,0.77,2022-03-28 9:31:28
-83.44,-158.94,114.62,-1.04,-1.01,0.49,2022-03-28 9:31:28
-70.86,211.12,59.02,0.02,-0.75,0.03,2022-03-28 9:31:29
26.37,-9.95,44.98,0.37,-0.62,0.21,2022-03-28 9:31:29
74.83,-282.78,-32.17,0.31,-1.56,0.47,2022-03-28 9:31:29
-31.43,-96.25,0.61,-0.31,-0.96,0.24,2022-03-28 9:31:29
-46.88,142.4,74.28,0.14,-0.98,0.3,2022-03-28 9:31:29
-14.89,-36.62,13.85,0.42,-0.99,0.13,2022-03-28 9:31:29
-0.49,-250.49,-15.32,0.15,-1.06,0.17,2022-03-28 9:31:29
-25.57,-49.56,49.19,0,-1.08,0.24,2022-03-28 9:31:29
-6.29,31.49,144.17,-0.01,-1.03,0.28,2022-03-28 9:31:29
-0.43,-82.82,90.27,-0.2,-0.74,0.38,2022-03-28 9:31:30
19.96,-72.63,-11.84,-0.13,-0.78,0.47,2022-03-28 9:31:30
34.42,-50.78,-66.41,-0.07,-0.86,0.46,2022-03-28 9:31:30
40.89,-25.21,-39.12,0.04,-0.86,0.51,2022-03-28 9:31:30
38.94,-74.65,19.04,0.03,-0.97,0.56,2022-03-28 9:31:30
10.99,-97.66,33.08,0.08,-0.96,0.42,2022-03-28 9:31:30
-27.28,-63.6,29.24,0.03,-1.02,0.21,2022-03-28 9:31:30
-44.43,-16.91,-12.57,0.25,-1.05,0.02,2022-03-28 9:31:30
-8.91,-80.2,18.62,0.09,-0.95,-0.01,2022-03-28 9:31:31
28.5,-11.54,65.92,0.14,-1,0.13,2022-03-28 9:31:31
27.04,-133.06,93.2,0.16,-1.22,0.33,2022-03-28 9:31:31
9.95,8.91,2.01,-0.34,-0.77,0.29,2022-03-28 9:31:31
10.93,60.73,-48.71,0.47,-0.93,0.19,2022-03-28 9:31:31
17.15,-161.74,-17.7,-0.05,-0.93,0.42,2022-03-28 9:31:31
-11.78,-61.71,46.51,-0.02,-0.94,0.37,2022-03-28 9:31:31
-37.9,-1.1,43.4,0,-1,0.33,2022-03-28 9:31:31
-33.51,-16.54,46.02,0.03,-0.96,0.27,2022-03-28 9:31:31
3.17,-68.42,30.82,0.08,-0.84,0.27,2022-03-28 9:31:32
34.55,-124.94,-23.56,0.19,-1.02,0.31,2022-03-28 9:31:32
1.46,-107.73,-38.64,-0.09,-0.96,0.31,2022-03-28 9:31:32
18.98,56.46,44.19,0.22,-1.04,0.3,2022-03-28 9:31:32
3.23,-134.22,34.67,-0.16,-1.1,0.22,2022-03-28 9:31:32
-8.61,-0.24,17.88,-0.26,-0.74,0.2,2022-03-28 9:31:32
-9.77,37.41,-7.08,-0.23,-0.94,0.19,2022-03-28 9:31:32
12.21,39.55,-23.56,-0.14,-0.86,0.22,2022-03-28 9:31:32
28.75,25.21,-28.99,0.05,-0.89,0.37,2022-03-28 9:31:32
4.21,-25.76,-13.49,0.02,-1.25,0.54,2022-03-28 9:31:33
-45.65,30.88,62.32,0.01,-1,0.39,2022-03-28 9:31:33
-78.25,65.73,52.37,-0.03,-1.04,0.31,2022-03-28 9:31:33
-40.89,75.13,54.87,-0.01,-0.97,0.28,2022-03-28 9:31:33
2.87,-19.47,-25.27,-0.03,-1.04,0.33,2022-03-28 9:31:33
39.67,-41.81,-103.33,0.03,-0.85,0.35,2022-03-28 9:31:33
49.93,-20.32,-72.14,-0.02,-1,0.34,2022-03-28 9:31:33
36.8,63.78,-62.13,0.09,-0.83,0.32,2022-03-28 9:31:33
33.57,33.63,-18.43,0.11,-0.85,0.46,2022-03-28 9:31:34
3.85,5.31,46.57,0.04,-1.39,0.55,2022-03-28 9:31:34
-59.2,-5.25,97.05,0,-1.09,0.35,2022-03-28 9:31:34
-48.46,34.3,18.25,-0.08,-0.84,0.21,2022-03-28 9:31:34
-10.01,34.18,-90.7,0.02,-1.16,0.21,2022-03-28 9:31:34
35.16,-17.4,-121.83,0,-0.74,0.35,2022-03-28 9:31:34
31.31,57.92,-99.12,-0.1,-0.96,0.31,2022-03-28 9:31:34
25.94,125.79,-48.95,0.11,-0.81,0.27,2022-03-28 9:31:34
50.23,61.95,-24.96,0.18,-0.7,0.41,2022-03-28 9:31:35
17.33,-85.45,1.71,-0.02,-1.28,0.57,2022-03-28 9:31:35
-31.86,88.13,134.83,-0.15,-1.15,0.48,2022-03-28 9:31:35
-59.63,11.35,104.55,0.11,-1.01,0.42,2022-03-28 9:31:35
-21.79,-42.6,35.34,0.04,-0.75,0.31,2022-03-28 9:31:35
24.54,-55.91,-62.93,0.02,-0.91,0.38,2022-03-28 9:31:35
46.39,-41.32,-89.84,-0.01,-1.28,0.5,2022-03-28 9:31:35
4.27,23.99,-17.4,-0.15,-0.8,0.22,2022-03-28 9:31:35
-10.68,148.74,-29.42,0,-0.89,0.2,2022-03-28 9:31:35
27.16,48.71,-1.71,0.1,-0.86,0.41,2022-03-28 9:31:36
38.09,-53.89,-15.2,-0.02,-0.91,0.58,2022-03-28 9:31:36
-4.58,-79.9,-37.96,-0.04,-0.9,0.54,2022-03-28 9:31:36
-47.61,-13.79,26.12,0.11,-1.12,0.39,2022-03-28 9:31:36
-78.43,-30.94,3.85,0.08,-1.1,0.21,2022-03-28 9:31:36
-51.64,38.51,51.51,0.08,-0.98,0.18,2022-03-28 9:31:36
-1.34,-28.75,68.97,0.15,-1.08,0.2,2022-03-28 9:31:36
60.3,-110.96,71.04,-0.14,-0.6,0.45,2022-03-28 9:31:36
65.37,-144.96,26.18,-0.06,-1.02,0.41,2022-03-28 9:31:37
11.23,-86.49,-9.4,-0.14,-0.95,0.32,2022-03-28 9:31:37
4.39,-24.66,-5.25,0.05,-0.87,0.33,2022-03-28 9:31:37
5.19,-88.38,7.45,0.07,-0.78,0.34,2022-03-28 9:31:37
-41.56,-116.7,13.92,0.09,-1,0.31,2022-03-28 9:31:37
-100.22,26.67,46.51,-0.07,-1.24,0.2,2022-03-28 9:31:37
-58.53,149.96,109.38,0.16,-0.98,0.12,2022-03-28 9:31:37
-5.74,-87.1,65.73,0.04,-0.95,0.12,2022-03-28 9:31:37
58.04,-39.79,-7.32,-0.07,-1,0.39,2022-03-28 9:31:37
72.33,-63.11,-47.55,-0.14,-0.74,0.51,2022-03-28 9:31:38
62.32,-34.91,-49.26,-0.14,-1.02,0.57,2022-03-28 9:31:38
11.17,46.63,-23.68,-0.05,-0.89,0.37,2022-03-28 9:31:38
8.42,89.42,3.05,0.07,-0.82,0.31,2022-03-28 9:31:38
23.25,-8.48,-3.85,0.11,-1.29,0.42,2022-03-28 9:31:38
-12.7,-7.32,48.83,-0.14,-1.1,0.34,2022-03-28 9:31:38
-41.75,60.61,49.44,-0.1,-0.99,0.19,2022-03-28 9:31:38
-23.44,54.99,-28.56,0.01,-0.92,0.2,2022-03-28 9:31:38
14.83,-16.17,-100.71,0.04,-0.94,0.42,2022-03-28 9:31:39
26.92,46.2,-55.73,-0.14,-0.94,0.23,2022-03-28 9:31:39
22.16,130,-52.67,0.11,-0.82,0.3,2022-03-28 9:31:39
31.43,38.51,-18.92,-0.02,-0.77,0.42,2022-03-28 9:31:39
32.53,52.55,-11.11,0.11,-1.35,0.52,2022-03-28 9:31:39
-11.11,68.42,65.55,-0.14,-0.99,0.33,2022-03-28 9:31:39
-44.31,139.71,35.52,-0.03,-1.05,0.24,2022-03-28 9:31:39
-25.76,72.69,4.52,-0.02,-0.98,0.23,2022-03-28 9:31:39
-14.1,36.56,-74.52,0.05,-1.05,0.27,2022-03-28 9:31:39
-2.75,28.5,-99.43,0.06,-1.16,0.27,2022-03-28 9:31:40
10.8,39.67,-50.72,0.07,-0.66,0.24,2022-03-28 9:31:40
27.28,13.55,-11.78,-0.05,-0.89,0.39,2022-03-28 9:31:40
16.6,37.54,18.01,-0.13,-0.79,0.4,2022-03-28 9:31:40
18.62,29.79,6.77,0.02,-0.88,0.53,2022-03-28 9:31:40
4.15,-42.3,0.31,-0.04,-1.24,0.57,2022-03-28 9:31:40
-37.9,-11.6,34.42,-0.04,-0.88,0.38,2022-03-28 9:31:40
-62.07,33.87,20.81,0.07,-1.07,0.24,2022-03-28 9:31:40
-31.86,5.55,23.62,0.1,-0.87,0.15,2022-03-28 9:31:41
17.52,-47.49,11.05,0.13,-0.95,0.2,2022-03-28 9:31:41
52.8,-90.03,4.76,0.13,-1.11,0.35,2022-03-28 9:31:41
27.59,-144.47,82.89,-0.14,-0.84,0.46,2022-03-28 9:31:41
-34.36,31.92,24.05,-0.07,-0.93,0.41,2022-03-28 9:31:41
-11.6,27.22,-4.21,0.2,-0.82,0.17,2022-03-28 9:31:41
31.98,-67.44,-22.28,0.12,-0.83,0.26,2022-03-28 9:31:41
48.16,-141.17,-20.2,0.17,-1.11,0.45,2022-03-28 9:31:41
1.83,-107.79,19.17,-0.04,-0.97,0.39,2022-03-28 9:31:41
-41.99,-77.82,10.13,0.15,-1.13,0.29,2022-03-28 9:31:42
-55.36,-74.89,-8.24,0.13,-1.04,0.19,2022-03-28 9:31:42
-53.71,-47.12,14.28,0.12,-1.12,0.12,2022-03-28 9:31:42
-26.06,22.77,70.68,-0.05,-0.89,0.09,2022-03-28 9:31:42
42.11,-89.11,51.82,-0.15,-1.08,0.38,2022-03-28 9:31:42
19.04,-54.69,-19.71,-0.38,-0.9,0.46,2022-03-28 9:31:42
7.69,8.24,-79.04,0.06,-0.94,0.4,2022-03-28 9:31:42
11.23,-25.45,-23.99,0.18,-1.23,0.5,2022-03-28 9:31:42
-16.6,1.46,87.22,-0.03,-1.02,0.35,2022-03-28 9:31:43
-47,82.21,132.08,-0.15,-1,0.32,2022-03-28 9:31:43
-18.01,26.25,47.61,-0.03,-0.88,0.29,2022-03-28 9:31:43
12.7,-27.53,-58.59,-0.05,-0.98,0.36,2022-03-28 9:31:43
27.4,17.33,-71.59,-0.09,-0.85,0.23,2022-03-28 9:31:43
6.23,93.99,-57.31,0.03,-0.83,0.21,2022-03-28 9:31:43
33.51,62.81,-26.92,0.14,-0.83,0.36,2022-03-28 9:31:43
29.54,-13.98,8.97,0.12,-1.15,0.66,2022-03-28 9:31:44
-48.65,58.53,73.79,-0.08,-0.96,0.46,2022-03-28 9:31:44
-81.97,66.71,61.1,0.04,-1.15,0.42,2022-03-28 9:31:44
-57.92,31.68,46.69,0,-0.73,0.31,2022-03-28 9:31:44
-2.2,3.91,-47.18,0.09,-0.8,0.33,2022-03-28 9:31:44
57.37,-43.64,-129.46,0.13,-1.3,0.48,2022-03-28 9:31:44
36.62,-56.34,-47,-0.24,-0.7,0.37,2022-03-28 9:31:44
3.66,145.69,-19.1,0.04,-0.89,0.32,2022-03-28 9:31:44
33.51,38.76,-21.48,0.17,-0.81,0.37,2022-03-28 9:31:44
43.52,-49.13,-11.9,0.05,-0.95,0.57,2022-03-28 9:31:45
-3.05,-28.56,0.06,-0.05,-1.02,0.56,2022-03-28 9:31:45
-40.65,20.51,45.41,0.11,-1.07,0.41,2022-03-28 9:31:45
-67.63,-9.52,38.94,0,-1.07,0.26,2022-03-28 9:31:45
-38.88,65.49,64.21,0.1,-0.89,0.18,2022-03-28 9:31:45
1.22,-27.95,12.27,0.15,-0.93,0.28,2022-03-28 9:31:45
49.13,-106.45,-21.85,-0.01,-0.78,0.55,2022-03-28 9:31:45
37.11,-43.27,-14.28,-0.15,-0.9,0.46,2022-03-28 9:31:45
8.97,53.16,-45.47,0,-0.84,0.39,2022-03-28 9:31:45
21.3,-7.2,-11.23,0.13,-0.84,0.4,2022-03-28 9:31:46
16.6,-37.05,0.49,0.02,-0.89,0.47,2022-03-28 9:31:46
-11.96,15.75,25.7,0.04,-1.13,0.48,2022-03-28 9:31:46
-27.71,0.43,74.16,0.05,-0.85,0.34,2022-03-28 9:31:46
-27.89,-75.87,29.79,0.12,-1.12,0.28,2022-03-28 9:31:46
-32.29,-25.39,21.36,-0.03,-0.87,0.22,2022-03-28 9:31:46
19.04,25.45,29.48,0.22,-0.74,0.31,2022-03-28 9:31:46
53.28,-227.36,-20.87,0.25,-1.09,0.5,2022-03-28 9:31:46
20.14,-147.64,61.1,-0.21,-0.91,0.56,2022-03-28 9:31:46
-34.42,-13.67,55.24,0.01,-0.85,0.35,2022-03-28 9:31:47
-40.1,-22.95,6.35,0.05,-1.02,0.19,2022-03-28 9:31:47
10.68,3.66,39,0.14,-0.78,0.22,2022-03-28 9:31:47
47.06,-119.2,28.99,0.14,-0.91,0.32,2022-03-28 9:31:47
39.37,-117.86,41.93,-0.01,-0.96,0.43,2022-03-28 9:31:47
18.07,-113.46,43.64,0.02,-0.97,0.41,2022-03-28 9:31:47
-14.1,-119.63,4.76,0.05,-0.93,0.31,2022-03-28 9:31:47
-33.14,1.83,-19.41,0.06,-1.02,0.27,2022-03-28 9:31:47
-25.82,32.96,-34.42,0.25,-1.04,0.22,2022-03-28 9:31:47
-10.93,-76.6,11.72,0.2,-0.95,0.2,2022-03-28 9:31:48
0.12,-71.11,83.98,0.14,-1.05,0.24,2022-03-28 9:31:48
10.62,-75.13,110.05,0.08,-0.96,0.26,2022-03-28 9:31:48
28.44,-147.46,134.58,0.04,-1.15,0.38,2022-03-28 9:31:48
-4.33,-117.74,101.68,-0.24,-0.89,0.41,2022-03-28 9:31:48
7.51,25.45,6.16,-0.04,-0.82,0.42,2022-03-28 9:31:48
28.93,-20.94,-92.71,0.02,-0.95,0.4,2022-03-28 9:31:48
20.63,15.38,-95.28,0,-1,0.4,2022-03-28 9:31:48
11.54,70.56,-53.41,0.11,-0.97,0.34,2022-03-28 9:31:49
15.99,19.23,-18.92,0.14,-0.87,0.34,2022-03-28 9:31:49
18.68,-7.02,27.71,0.09,-0.96,0.4,2022-03-28 9:31:49
7.69,-22.46,60.97,0.09,-0.97,0.43,2022-03-28 9:31:49
-5.68,-45.53,29.97,0.06,-0.99,0.38,2022-03-28 9:31:49
-6.9,-50.42,-7.51,0.04,-0.96,0.32,2022-03-28 9:31:49
-9.58,-11.78,-21.55,0.08,-1,0.28,2022-03-28 9:31:49
-5.43,7.93,-22.16,0.03,-1.07,0.27,2022-03-28 9:31:49
-4.88,0.73,15.32,0.01,-0.64,0.31,2022-03-28 9:31:49
8.18,3.6,7.51,-0.16,-1.09,0.42,2022-03-28 9:31:50
6.1,8.3,-2.62,-0.32,-0.8,0.35,2022-03-28 9:31:50
15.01,56.09,-54.08,-0.01,-0.88,0.35,2022-03-28 9:31:50
25.51,-38.39,-47.91,0.03,-0.89,0.42,2022-03-28 9:31:50
18.8,53.71,-8.67,0.05,-1.27,0.5,2022-03-28 9:31:50
-14.28,1.95,55.85,0.02,-0.85,0.41,2022-03-28 9:31:50
-38.88,-6.1,78.61,0.03,-1.02,0.35,2022-03-28 9:31:50
-39.73,-37.35,32.29,-0.04,-0.92,0.24,2022-03-28 9:31:50
-21.3,14.65,16.78,-0.01,-0.93,0.24,2022-03-28 9:31:50
10.86,-6.96,-22.34,0.04,-0.96,0.34,2022-03-28 9:31:51
44.56,-30.58,-39.55,-0.01,-0.91,0.52,2022-03-28 9:31:51
29.42,-8.18,-34,-0.02,-0.88,0.35,2022-03-28 9:31:51
-5.62,61.28,-40.16,-0.04,-0.87,0.32,2022-03-28 9:31:51
12.08,71.9,23.01,0.03,-0.8,0.32,2022-03-28 9:31:51
32.41,-0.55,-4.09,0.09,-0.9,0.53,2022-03-28 9:31:51
9.64,-44.98,-22.16,-0.04,-1.27,0.63,2022-03-28 9:31:51
-38.76,44.01,33.26,0.01,-0.9,0.38,2022-03-28 9:31:51
-55.36,39.12,43.03,0.06,-1.14,0.23,2022-03-28 9:31:52
-30.27,-3.78,29.72,0.03,-0.81,0.13,2022-03-28 9:31:52
18.13,-10.99,15.62,0.12,-0.91,0.22,2022-03-28 9:31:52
55.11,-72.33,-36.07,0.15,-0.81,0.42,2022-03-28 9:31:52
54.26,-146.85,-55.05,-0.07,-1.06,0.64,2022-03-28 9:31:52
7.2,13.67,-10.19,-0.11,-1.16,0.63,2022-03-28 9:31:52
-47.67,82.76,41.81,-0.24,-1,0.21,2022-03-28 9:31:52
-31.13,75.81,7.32,-0.27,-0.81,0.06,2022-03-28 9:31:52
39.98,44.74,-35.95,-0.04,-0.88,0.26,2022-03-28 9:31:52
46.2,-81.24,-74.71,0,-0.96,0.44,2022-03-28 9:31:53
31.56,14.1,-26.61,-0.02,-0.91,0.49,2022-03-28 9:31:53
-32.29,1.83,41.32,-0.01,-0.76,0.37,2022-03-28 9:31:53
-53.28,66.96,56.09,0.03,-1.01,0.24,2022-03-28 9:31:53
-14.71,47.18,21.97,0.18,-0.91,0.23,2022-03-28 9:31:53
15.2,-72.02,7.26,0.05,-0.91,0.31,2022-03-28 9:31:53
36.44,-51.45,-16.48,0.1,-0.84,0.39,2022-03-28 9:31:53
8.24,-58.11,-43.76,0.02,-1.02,0.41,2022-03-28 9:31:53
-6.77,37.29,4.03,0.07,-0.87,0.36,2022-03-28 9:31:54
-20.81,1.95,-1.04,0.04,-0.9,0.34,2022-03-28 9:31:54
3.17,50.72,9.46,0.05,-1.2,0.46,2022-03-28 9:31:54
10.74,-64.03,56.88,-0.11,-0.74,0.34,2022-03-28 9:31:54
2.56,31.19,-21.91,-0.08,-1.17,0.48,2022-03-28 9:31:54
-11.66,16.3,20.14,-0.01,-0.82,0.35,2022-03-28 9:31:54
14.1,19.17,-26.98,0.05,-0.72,0.35,2022-03-28 9:31:54
44.98,-48.52,-54.38,0.2,-1.26,0.52,2022-03-28 9:31:54
0.06,-49.8,11.9,-0.11,-1.09,0.42,2022-03-28 9:31:54
-26.98,-1.59,27.89,0.16,-1.15,0.33,2022-03-28 9:31:55
-50.35,-21.24,19.71,-0.04,-1.01,0.18,2022-03-28 9:31:55
-36.74,90.09,50.23,0.03,-1.05,0.15,2022-03-28 9:31:55
8.85,12.27,-5.19,0.04,-0.73,0.43,2022-03-28 9:31:55
25.7,-65.12,-49.68,-0.11,-0.85,0.39,2022-03-28 9:31:55
8.18,220.95,-66.04,0.24,-0.96,0.57,2022-03-28 9:31:55
5.55,-88.56,-52.55,0.02,-0.85,0.37,2022-03-28 9:31:55
20.81,37.96,-1.22,0.04,-0.9,0.51,2022-03-28 9:31:55
-9.83,-23.8,34.73,-0.06,-0.88,0.47,2022-03-28 9:31:56
-28.81,18.13,54.87,-0.08,-0.96,0.44,2022-03-28 9:31:56
-15.62,4.27,34,-0.04,-0.86,0.43,2022-03-28 9:31:56
-7.26,-24.17,-9.7,-0.1,-0.94,0.44,2022-03-28 9:31:56
0.79,11.47,-25.63,0,-0.88,0.44,2022-03-28 9:31:56
1.71,-8.67,-37.41,0.03,-0.92,0.4,2022-03-28 9:31:56
4.58,5,-16.66,0.06,-0.88,0.34,2022-03-28 9:31:56
14.89,1.89,-0.73,0.09,-0.97,0.29,2022-03-28 9:31:56
29.85,-14.22,-0.18,0.08,-0.85,0.32,2022-03-28 9:31:56
7.75,-15.26,3.05,0.01,-1.04,0.4,2022-03-28 9:31:57
-1.34,19.04,57.86,-0.09,-0.63,0.57,2022-03-28 9:31:57
-44.07,-17.4,16.42,-0.18,-1,0.56,2022-03-28 9:31:57
-18.62,15.62,13.43,0.05,-0.75,0.32,2022-03-28 9:31:57
15.99,-18.8,-17.52,0.01,-0.81,0.42,2022-03-28 9:31:57
36.5,-62.62,-21.36,-0.01,-0.79,0.55,2022-03-28 9:31:57
26.79,-37.72,-27.89,-0.08,-0.99,0.62,2022-03-28 9:31:57
-6.47,9.46,0.85,0.03,-1,0.5,2022-03-28 9:31:57
-33.69,37.78,67.87,0.01,-1.04,0.32,2022-03-28 9:31:57
-36.19,54.44,74.46,0.05,-0.98,0.21,2022-03-28 9:31:58
-6.41,-36.56,34,0.14,-0.98,0.16,2022-03-28 9:31:58
38.45,-58.96,1.16,0.09,-0.91,0.2,2022-03-28 9:31:58
52.49,-68.12,-15.14,0.03,-1.01,0.36,2022-03-28 9:31:58
26.61,-17.46,-21.24,-0.06,-1.14,0.48,2022-03-28 9:31:58
-4.46,48.83,-16.17,-0.05,-0.87,0.42,2022-03-28 9:31:58
-20.2,18.86,-21.55,0.05,-0.87,0.35,2022-03-28 9:31:58
-15.01,53.34,-9.83,-0.07,-0.89,0.35,2022-03-28 9:31:58
2.44,71.17,-28.2,-0.2,-0.76,0.31,2022-03-28 9:31:58
20.2,13.37,-57.13,0,-0.85,0.35,2022-03-28 9:31:59
34.12,-39.06,-31.07,0,-0.88,0.46,2022-03-28 9:31:59
7.45,-4.46,-6.29,0.11,-1.09,0.56,2022-03-28 9:31:59
-53.53,65.67,104.43,-0.13,-0.85,0.38,2022-03-28 9:31:59
-50.11,-40.83,37.48,0.17,-1.09,0.27,2022-03-28 9:31:59
-51.94,-76.97,-4.64,-0.06,-0.96,0.22,2022-03-28 9:31:59
-16.6,52.55,27.16,0.07,-0.9,0.23,2022-03-28 9:31:59
23.86,-19.17,18.37,0.08,-0.86,0.45,2022-03-28 9:31:59
45.04,-67.44,-34.61,-0.18,-0.87,0.66,2022-03-28 9:32:00
19.41,-47.79,-67.63,-0.23,-0.91,0.85,2022-03-28 9:32:00
-40.16,42.3,-70.5,-0.22,-0.99,0.7,2022-03-28 9:32:00
-75.26,88.44,-21.12,-0.22,-0.86,0.61,2022-03-28 9:32:00
-53.04,75.44,-16.91,-0.19,-0.68,0.43,2022-03-28 9:32:00
-9.09,40.65,-6.04,-0.21,-0.47,0.27,2022-03-28 9:32:00
77.94,56.7,-48.46,0.03,-0.55,0.3,2022-03-28 9:32:00
145.51,-132.69,-81.24,0,-1.01,0.66,2022-03-28 9:32:00
93.75,-71.29,22.77,-0.42,-0.92,1.01,2022-03-28 9:32:00
-16.72,-30.94,26.98,-0.16,-1.14,0.76,2022-03-28 9:32:01
-76.17,93.57,49.07,-0.05,-0.89,0.35,2022-03-28 9:32:01
-58.23,79.04,63.23,0.2,-1.02,0.24,2022-03-28 9:32:01
-3.17,-94.79,34.48,0.09,-0.83,0.18,2022-03-28 9:32:01
36.19,-66.35,27.83,0.15,-0.93,0.44,2022-03-28 9:32:01
22.58,-75.13,15.87,-0.16,-0.92,0.65,2022-03-28 9:32:01
19.35,49.38,-11.35,-0.15,-1.08,0.45,2022-03-28 9:32:01
1.4,4.52,-37.54,-0.13,-0.91,0.19,2022-03-28 9:32:01
10.5,88.13,-25.51,-0.24,-0.96,0.32,2022-03-28 9:32:02
-2.62,37.48,-38.27,-0.09,-0.83,0.37,2022-03-28 9:32:02
4.21,16.6,-38.27,-0.01,-0.8,0.43,2022-03-28 9:32:02
14.04,4.76,-12.02,0.06,-0.8,0.5,2022-03-28 9:32:02
12.02,10.5,9.58,-0.06,-1.16,0.52,2022-03-28 9:32:02
-9.09,31.43,44.43,-0.13,-0.96,0.41,2022-03-28 9:32:02
-15.38,56.34,26.86,0.02,-0.93,0.31,2022-03-28 9:32:02
1.04,-82.52,19.41,0.1,-0.89,0.28,2022-03-28 9:32:02
9.95,-111.39,-12.08,0.09,-1.05,0.26,2022-03-28 9:32:02
16.54,-30.03,7.81,0.01,-0.91,0.32,2022-03-28 9:32:03
-4.76,-34.67,21.67,-0.21,-1.03,0.33,2022-03-28 9:32:03
-0.37,97.11,-5.8,-0.24,-0.91,0.3,2022-03-28 9:32:03
10.68,-5.25,-23.74,-0.16,-0.77,0.22,2022-03-28 9:32:03
15.93,-13.37,-34.18,-0.24,-1,0.35,2022-03-28 9:32:03
10.5,8.91,-1.77,-0.16,-0.88,0.37,2022-03-28 9:32:03
0.73,18.19,8.12,-0.18,-0.78,0.41,2022-03-28 9:32:03
-15.75,-6.16,-8.67,-0.13,-1.07,0.43,2022-03-28 9:32:03
-31.74,56.95,31.92,-0.05,-0.72,0.32,2022-03-28 9:32:03
-28.93,-23.13,-6.41,0.2,-1.08,0.49,2022-03-28 9:32:04
-76.11,-11.66,34.55,-0.16,-1.06,0.56,2022-03-28 9:32:04
-79.53,40.59,16.78,0.28,-0.6,0.05,2022-03-28 9:32:04
-8.48,17.52,-24.78,0.09,-0.72,-0.08,2022-03-28 9:32:04
200.56,117.25,-46.14,0.23,-1.43,0.17,2022-03-28 9:32:04
-43.21,-516.48,40.47,-2.31,-0.64,2.21,2022-03-28 9:32:04
-22.34,12.21,6.96,0.32,-1.12,-0.01,2022-03-28 9:32:04
-27.65,52.37,32.65,-0.12,-0.98,0.36,2022-03-28 9:32:04
-17.7,95.4,29.24,-0.13,-0.86,0.23,2022-03-28 9:32:05
7.93,130.19,-24.66,0.05,-0.8,0.34,2022-03-28 9:32:05
25.7,-60.97,-83.8,0.52,-1.27,0.35,2022-03-28 9:32:05
-11.78,-193.05,-83.68,-0.27,-0.91,0.42,2022-03-28 9:32:05
-29.3,68.12,3.05,0.32,-1.05,0.31,2022-03-28 9:32:05
-47,-124.94,34.91,0.14,-1,0.25,2022-03-28 9:32:05
-49.68,-116.33,67.02,0.12,-1.17,0.2,2022-03-28 9:32:05
-65.61,-102.23,100.04,-0.06,-1.15,0.15,2022-03-28 9:32:05
-9.16,-16.91,140.5,-0.22,-0.8,0.18,2022-03-28 9:32:05
16.85,-90.03,68.48,0.15,-1.04,0.12,2022-03-28 9:32:06
29.17,-96.8,46.75,-0.1,-0.88,0.33,2022-03-28 9:32:06
35.28,-45.41,27.53,0.01,-0.86,0.33,2022-03-28 9:32:06
45.29,-18.07,-5.37,0.02,-1.02,0.47,2022-03-28 9:32:06
28.75,-66.96,-17.82,0.14,-0.88,0.3,2022-03-28 9:32:06
10.62,-97.17,-51.94,0.11,-1.02,0.25,2022-03-28 9:32:06
-14.34,-25.88,-70.07,0.1,-1.06,0.22,2022-03-28 9:32:06
-11.66,74.34,16.85,0.12,-0.95,0.26,2022-03-28 9:32:06
3.17,-46.26,92.71,0.23,-0.91,0.28,2022-03-28 9:32:06
-3.78,-145.63,112.49,0.05,-1.14,0.3,2022-03-28 9:32:07
-44.68,-77.76,82.89,-0.1,-1,0.22,2022-03-28 9:32:07
-18.98,13.37,43.15,0.02,-0.93,0.27,2022-03-28 9:32:07
17.09,-20.02,-3.6,-0.03,-0.78,0.34,2022-03-28 9:32:07
46.2,-16.54,-53.89,-0.03,-0.93,0.5,2022-03-28 9:32:07
